Workbook

Sheet By_State
A1: Bulk power applications to ISTS by state (GW)
A2: State = location of the ISTS substation each application connects to. Values in GW (MW / 1,000). Source: CTUIL GNA register, 19-Oct-2026.
A4: State | B4: Under process | C4: Approved | D4: Total
A5: Gujarat | B5: =SUMIFS(Data!$E$2:$E$164,Data!$G$2:$G$164,$A5,Data!$I$2:$I$164,"Under Process")/1000 -> 17.18 | C5: =SUMIFS(Data!$E$2:$E$164,Data!$G$2:$G$164,$A5,Data!$I$2:$I$164,"Approved")/1000 -> 1.627 | D5: =B5+C5 -> 18.807
A6: Odisha | B6: =SUMIFS(Data!$E$2:$E$164,Data!$G$2:$G$164,$A6,Data!$I$2:$I$164,"Under Process")/1000 -> 11.275 | C6: =SUMIFS(Data!$E$2:$E$164,Data!$G$2:$G$164,$A6,Data!$I$2:$I$164,"Approved")/1000 -> 0.432 | D6: =B6+C6 -> 11.707
A7: Andhra Pradesh | B7: =SUMIFS(Data!$E$2:$E$164,Data!$G$2:$G$164,$A7,Data!$I$2:$I$164,"Under Process")/1000 -> 6.273 | C7: =SUMIFS(Data!$E$2:$E$164,Data!$G$2:$G$164,$A7,Data!$I$2:$I$164,"Approved")/1000 -> 0 | D7: =B7+C7 -> 6.273
A8: Telangana | B8: =SUMIFS(Data!$E$2:$E$164,Data!$G$2:$G$164,$A8,Data!$I$2:$I$164,"Under Process")/1000 -> 4.052 | C8: =SUMIFS(Data!$E$2:$E$164,Data!$G$2:$G$164,$A8,Data!$I$2:$I$164,"Approved")/1000 -> 0 | D8: =B8+C8 -> 4.052
A9: Maharashtra | B9: =SUMIFS(Data!$E$2:$E$164,Data!$G$2:$G$164,$A9,Data!$I$2:$I$164,"Under Process")/1000 -> 0.65 | C9: =SUMIFS(Data!$E$2:$E$164,Data!$G$2:$G$164,$A9,Data!$I$2:$I$164,"Approved")/1000 -> 1.518 | D9: =B9+C9 -> 2.168
A10: Rajasthan | B10: =SUMIFS(Data!$E$2:$E$164,Data!$G$2:$G$164,$A10,Data!$I$2:$I$164,"Under Process")/1000 -> 0.15 | C10: =SUMIFS(Data!$E$2:$E$164,Data!$G$2:$G$164,$A10,Data!$I$2:$I$164,"Approved")/1000 -> 0.22 | D10: =B10+C10 -> 0.37
A11: Chhattisgarh | B11: =SUMIFS(Data!$E$2:$E$164,Data!$G$2:$G$164,$A11,Data!$I$2:$I$164,"Under Process")/1000 -> 0 | C11: =SUMIFS(Data!$E$2:$E$164,Data!$G$2:$G$164,$A11,Data!$I$2:$I$164,"Approved")/1000 -> 0.36 | D11: =B11+C11 -> 0.36
A12: Madhya Pradesh | B12: =SUMIFS(Data!$E$2:$E$164,Data!$G$2:$G$164,$A12,Data!$I$2:$I$164,"Under Process")/1000 -> 0.21 | C12: =SUMIFS(Data!$E$2:$E$164,Data!$G$2:$G$164,$A12,Data!$I$2:$I$164,"Approved")/1000 -> 0 | D12: =B12+C12 -> 0.21
A13: Tamil Nadu | B13: =SUMIFS(Data!$E$2:$E$164,Data!$G$2:$G$164,$A13,Data!$I$2:$I$164,"Under Process")/1000 -> 0.205 | C13: =SUMIFS(Data!$E$2:$E$164,Data!$G$2:$G$164,$A13,Data!$I$2:$I$164,"Approved")/1000 -> 0 | D13: =B13+C13 -> 0.205
A14: Karnataka | B14: =SUMIFS(Data!$E$2:$E$164,Data!$G$2:$G$164,$A14,Data!$I$2:$I$164,"Under Process")/1000 -> 0.12 | C14: =SUMIFS(Data!$E$2:$E$164,Data!$G$2:$G$164,$A14,Data!$I$2:$I$164,"Approved")/1000 -> 0 | D14: =B14+C14 -> 0.12
A15: Dadra & Nagar Haveli (UT) | B15: =SUMIFS(Data!$E$2:$E$164,Data!$G$2:$G$164,$A15,Data!$I$2:$I$164,"Under Process")/1000 -> 0.05 | C15: =SUMIFS(Data!$E$2:$E$164,Data!$G$2:$G$164,$A15,Data!$I$2:$I$164,"Approved")/1000 -> 0 | D15: =B15+C15 -> 0.05
A16: Haryana | B16: =SUMIFS(Data!$E$2:$E$164,Data!$G$2:$G$164,$A16,Data!$I$2:$I$164,"Under Process")/1000 -> 0.05 | C16: =SUMIFS(Data!$E$2:$E$164,Data!$G$2:$G$164,$A16,Data!$I$2:$I$164,"Approved")/1000 -> 0 | D16: =B16+C16 -> 0.05
A17: Uttar Pradesh | B17: =SUMIFS(Data!$E$2:$E$164,Data!$G$2:$G$164,$A17,Data!$I$2:$I$164,"Under Process")/1000 -> 0 | C17: =SUMIFS(Data!$E$2:$E$164,Data!$G$2:$G$164,$A17,Data!$I$2:$I$164,"Approved")/1000 -> 0.05 | D17: =B17+C17 -> 0.05
A18: Total | B18: =SUM(B5:B17) -> 40.215 | C18: =SUM(C5:C17) -> 4.207 | D18: =SUM(D5:D17) -> 44.422
A19: Check vs CTUIL total (MW) | D19: =SUM(Data!$E$2:$E$164) -> 44422

Sheet State_x_Company
A1: Bulk power applications to ISTS - state x company group (GW, approved + under process)
A2: Company = group per your mapping (see Data!B). Values in GW. Blank = no application.
A4: State | B4: Reliance | C4: ACME Cleantech | D4: Adani Group | E4: NTPC* | F4: TCS | G4: ArcelorMittal | H4: SITAC Group | I4: L&T | J4: Rays Power | K4: Hygenco | L4: Hindustan Zinc | M4: Jindal Steel | N4: Jakson Group | O4: Railways | P4: Hira Group | Q4: Qubitiq | R4: Bharat Aluminium | S4: Hindalco | T4: Ultratech | U4: Total
A5: Gujarat | B5: =SUMIFS(Data!$E$2:$E$164,Data!$G$2:$G$164,$A5,Data!$B$2:$B$164,B$4)/1000 -> 14.55 | C5: =SUMIFS(Data!$E$2:$E$164,Data!$G$2:$G$164,$A5,Data!$B$2:$B$164,C$4)/1000 -> 0 | D5: =SUMIFS(Data!$E$2:$E$164,Data!$G$2:$G$164,$A5,Data!$B$2:$B$164,D$4)/1000 -> 3.27 | E5: =SUMIFS(Data!$E$2:$E$164,Data!$G$2:$G$164,$A5,Data!$B$2:$B$164,E$4)/1000 -> 0 | F5: =SUMIFS(Data!$E$2:$E$164,Data!$G$2:$G$164,$A5,Data!$B$2:$B$164,F$4)/1000 -> 0 | G5: =SUMIFS(Data!$E$2:$E$164,Data!$G$2:$G$164,$A5,Data!$B$2:$B$164,G$4)/1000 -> 0.487 | H5: =SUMIFS(Data!$E$2:$E$164,Data!$G$2:$G$164,$A5,Data!$B$2:$B$164,H$4)/1000 -> 0 | I5: =SUMIFS(Data!$E$2:$E$164,Data!$G$2:$G$164,$A5,Data!$B$2:$B$164,I$4)/1000 -> 0.5 | ... T5: =SUMIFS(Data!$E$2:$E$164,Data!$G$2:$G$164,$A5,Data!$B$2:$B$164,T$4)/1000 -> 0 | U5: =SUM(B5:T5) -> 18.807
A6: Odisha | B6: =SUMIFS(Data!$E$2:$E$164,Data!$G$2:$G$164,$A6,Data!$B$2:$B$164,B$4)/1000 -> 0 | C6: =SUMIFS(Data!$E$2:$E$164,Data!$G$2:$G$164,$A6,Data!$B$2:$B$164,C$4)/1000 -> 10.1 | D6: =SUMIFS(Data!$E$2:$E$164,Data!$G$2:$G$164,$A6,Data!$B$2:$B$164,D$4)/1000 -> 0 | E6: =SUMIFS(Data!$E$2:$E$164,Data!$G$2:$G$164,$A6,Data!$B$2:$B$164,E$4)/1000 -> 0 | F6: =SUMIFS(Data!$E$2:$E$164,Data!$G$2:$G$164,$A6,Data!$B$2:$B$164,F$4)/1000 -> 0 | G6: =SUMIFS(Data!$E$2:$E$164,Data!$G$2:$G$164,$A6,Data!$B$2:$B$164,G$4)/1000 -> 0.432 | H6: =SUMIFS(Data!$E$2:$E$164,Data!$G$2:$G$164,$A6,Data!$B$2:$B$164,H$4)/1000 -> 0 | I6: =SUMIFS(Data!$E$2:$E$164,Data!$G$2:$G$164,$A6,Data!$B$2:$B$164,I$4)/1000 -> 0 | ... T6: =SUMIFS(Data!$E$2:$E$164,Data!$G$2:$G$164,$A6,Data!$B$2:$B$164,T$4)/1000 -> 0 | U6: =SUM(B6:T6) -> 11.707
A7: Andhra Pradesh | B7: =SUMIFS(Data!$E$2:$E$164,Data!$G$2:$G$164,$A7,Data!$B$2:$B$164,B$4)/1000 -> 0 | C7: =SUMIFS(Data!$E$2:$E$164,Data!$G$2:$G$164,$A7,Data!$B$2:$B$164,C$4)/1000 -> 0 | D7: =SUMIFS(Data!$E$2:$E$164,Data!$G$2:$G$164,$A7,Data!$B$2:$B$164,D$4)/1000 -> 2.323 | E7: =SUMIFS(Data!$E$2:$E$164,Data!$G$2:$G$164,$A7,Data!$B$2:$B$164,E$4)/1000 -> 3.5 | F7: =SUMIFS(Data!$E$2:$E$164,Data!$G$2:$G$164,$A7,Data!$B$2:$B$164,F$4)/1000 -> 0 | G7: =SUMIFS(Data!$E$2:$E$164,Data!$G$2:$G$164,$A7,Data!$B$2:$B$164,G$4)/1000 -> 0 | H7: =SUMIFS(Data!$E$2:$E$164,Data!$G$2:$G$164,$A7,Data!$B$2:$B$164,H$4)/1000 -> 0.1 | I7: =SUMIFS(Data!$E$2:$E$164,Data!$G$2:$G$164,$A7,Data!$B$2:$B$164,I$4)/1000 -> 0 | ... T7: =SUMIFS(Data!$E$2:$E$164,Data!$G$2:$G$164,$A7,Data!$B$2:$B$164,T$4)/1000 -> 0.05 | U7: =SUM(B7:T7) -> 6.273
A8: Telangana | B8: =SUMIFS(Data!$E$2:$E$164,Data!$G$2:$G$164,$A8,Data!$B$2:$B$164,B$4)/1000 -> 0 | C8: =SUMIFS(Data!$E$2:$E$164,Data!$G$2:$G$164,$A8,Data!$B$2:$B$164,C$4)/1000 -> 0 | D8: =SUMIFS(Data!$E$2:$E$164,Data!$G$2:$G$164,$A8,Data!$B$2:$B$164,D$4)/1000 -> 2.402 | E8: =SUMIFS(Data!$E$2:$E$164,Data!$G$2:$G$164,$A8,Data!$B$2:$B$164,E$4)/1000 -> 0 | F8: =SUMIFS(Data!$E$2:$E$164,Data!$G$2:$G$164,$A8,Data!$B$2:$B$164,F$4)/1000 -> 1.55 | G8: =SUMIFS(Data!$E$2:$E$164,Data!$G$2:$G$164,$A8,Data!$B$2:$B$164,G$4)/1000 -> 0 | H8: =SUMIFS(Data!$E$2:$E$164,Data!$G$2:$G$164,$A8,Data!$B$2:$B$164,H$4)/1000 -> 0.1 | I8: =SUMIFS(Data!$E$2:$E$164,Data!$G$2:$G$164,$A8,Data!$B$2:$B$164,I$4)/1000 -> 0 | ... T8: =SUMIFS(Data!$E$2:$E$164,Data!$G$2:$G$164,$A8,Data!$B$2:$B$164,T$4)/1000 -> 0 | U8: =SUM(B8:T8) -> 4.052
A9: Maharashtra | B9: =SUMIFS(Data!$E$2:$E$164,Data!$G$2:$G$164,$A9,Data!$B$2:$B$164,B$4)/1000 -> 0.05 | C9: =SUMIFS(Data!$E$2:$E$164,Data!$G$2:$G$164,$A9,Data!$B$2:$B$164,C$4)/1000 -> 0 | D9: =SUMIFS(Data!$E$2:$E$164,Data!$G$2:$G$164,$A9,Data!$B$2:$B$164,D$4)/1000 -> 1.968 | E9: =SUMIFS(Data!$E$2:$E$164,Data!$G$2:$G$164,$A9,Data!$B$2:$B$164,E$4)/1000 -> 0 | F9: =SUMIFS(Data!$E$2:$E$164,Data!$G$2:$G$164,$A9,Data!$B$2:$B$164,F$4)/1000 -> 0 | G9: =SUMIFS(Data!$E$2:$E$164,Data!$G$2:$G$164,$A9,Data!$B$2:$B$164,G$4)/1000 -> 0 | H9: =SUMIFS(Data!$E$2:$E$164,Data!$G$2:$G$164,$A9,Data!$B$2:$B$164,H$4)/1000 -> 0.1 | I9: =SUMIFS(Data!$E$2:$E$164,Data!$G$2:$G$164,$A9,Data!$B$2:$B$164,I$4)/1000 -> 0 | ... T9: =SUMIFS(Data!$E$2:$E$164,Data!$G$2:$G$164,$A9,Data!$B$2:$B$164,T$4)/1000 -> 0 | U9: =SUM(B9:T9) -> 2.168
A10: Rajasthan | B10: =SUMIFS(Data!$E$2:$E$164,Data!$G$2:$G$164,$A10,Data!$B$2:$B$164,B$4)/1000 -> 0 | C10: =SUMIFS(Data!$E$2:$E$164,Data!$G$2:$G$164,$A10,Data!$B$2:$B$164,C$4)/1000 -> 0 | D10: =SUMIFS(Data!$E$2:$E$164,Data!$G$2:$G$164,$A10,Data!$B$2:$B$164,D$4)/1000 -> 0 | E10: =SUMIFS(Data!$E$2:$E$164,Data!$G$2:$G$164,$A10,Data!$B$2:$B$164,E$4)/1000 -> 0 | F10: =SUMIFS(Data!$E$2:$E$164,Data!$G$2:$G$164,$A10,Data!$B$2:$B$164,F$4)/1000 -> 0 | G10: =SUMIFS(Data!$E$2:$E$164,Data!$G$2:$G$164,$A10,Data!$B$2:$B$164,G$4)/1000 -> 0 | H10: =SUMIFS(Data!$E$2:$E$164,Data!$G$2:$G$164,$A10,Data!$B$2:$B$164,H$4)/1000 -> 0.1 | I10: =SUMIFS(Data!$E$2:$E$164,Data!$G$2:$G$164,$A10,Data!$B$2:$B$164,I$4)/1000 -> 0 | ... T10: =SUMIFS(Data!$E$2:$E$164,Data!$G$2:$G$164,$A10,Data!$B$2:$B$164,T$4)/1000 -> 0 | U10: =SUM(B10:T10) -> 0.37
A11: Chhattisgarh | B11: =SUMIFS(Data!$E$2:$E$164,Data!$G$2:$G$164,$A11,Data!$B$2:$B$164,B$4)/1000 -> 0 | C11: =SUMIFS(Data!$E$2:$E$164,Data!$G$2:$G$164,$A11,Data!$B$2:$B$164,C$4)/1000 -> 0 | D11: =SUMIFS(Data!$E$2:$E$164,Data!$G$2:$G$164,$A11,Data!$B$2:$B$164,D$4)/1000 -> 0 | E11: =SUMIFS(Data!$E$2:$E$164,Data!$G$2:$G$164,$A11,Data!$B$2:$B$164,E$4)/1000 -> 0 | F11: =SUMIFS(Data!$E$2:$E$164,Data!$G$2:$G$164,$A11,Data!$B$2:$B$164,F$4)/1000 -> 0 | G11: =SUMIFS(Data!$E$2:$E$164,Data!$G$2:$G$164,$A11,Data!$B$2:$B$164,G$4)/1000 -> 0 | H11: =SUMIFS(Data!$E$2:$E$164,Data!$G$2:$G$164,$A11,Data!$B$2:$B$164,H$4)/1000 -> 0 | I11: =SUMIFS(Data!$E$2:$E$164,Data!$G$2:$G$164,$A11,Data!$B$2:$B$164,I$4)/1000 -> 0 | ... T11: =SUMIFS(Data!$E$2:$E$164,Data!$G$2:$G$164,$A11,Data!$B$2:$B$164,T$4)/1000 -> 0 | U11: =SUM(B11:T11) -> 0.36
A12: Madhya Pradesh | B12: =SUMIFS(Data!$E$2:$E$164,Data!$G$2:$G$164,$A12,Data!$B$2:$B$164,B$4)/1000 -> 0 | C12: =SUMIFS(Data!$E$2:$E$164,Data!$G$2:$G$164,$A12,Data!$B$2:$B$164,C$4)/1000 -> 0 | D12: =SUMIFS(Data!$E$2:$E$164,Data!$G$2:$G$164,$A12,Data!$B$2:$B$164,D$4)/1000 -> 0 | E12: =SUMIFS(Data!$E$2:$E$164,Data!$G$2:$G$164,$A12,Data!$B$2:$B$164,E$4)/1000 -> 0.11 | F12: =SUMIFS(Data!$E$2:$E$164,Data!$G$2:$G$164,$A12,Data!$B$2:$B$164,F$4)/1000 -> 0 | G12: =SUMIFS(Data!$E$2:$E$164,Data!$G$2:$G$164,$A12,Data!$B$2:$B$164,G$4)/1000 -> 0 | H12: =SUMIFS(Data!$E$2:$E$164,Data!$G$2:$G$164,$A12,Data!$B$2:$B$164,H$4)/1000 -> 0 | I12: =SUMIFS(Data!$E$2:$E$164,Data!$G$2:$G$164,$A12,Data!$B$2:$B$164,I$4)/1000 -> 0 | ... T12: =SUMIFS(Data!$E$2:$E$164,Data!$G$2:$G$164,$A12,Data!$B$2:$B$164,T$4)/1000 -> 0 | U12: =SUM(B12:T12) -> 0.21
A13: Tamil Nadu | B13: =SUMIFS(Data!$E$2:$E$164,Data!$G$2:$G$164,$A13,Data!$B$2:$B$164,B$4)/1000 -> 0 | C13: =SUMIFS(Data!$E$2:$E$164,Data!$G$2:$G$164,$A13,Data!$B$2:$B$164,C$4)/1000 -> 0 | D13: =SUMIFS(Data!$E$2:$E$164,Data!$G$2:$G$164,$A13,Data!$B$2:$B$164,D$4)/1000 -> 0 | E13: =SUMIFS(Data!$E$2:$E$164,Data!$G$2:$G$164,$A13,Data!$B$2:$B$164,E$4)/1000 -> 0 | F13: =SUMIFS(Data!$E$2:$E$164,Data!$G$2:$G$164,$A13,Data!$B$2:$B$164,F$4)/1000 -> 0 | G13: =SUMIFS(Data!$E$2:$E$164,Data!$G$2:$G$164,$A13,Data!$B$2:$B$164,G$4)/1000 -> 0 | H13: =SUMIFS(Data!$E$2:$E$164,Data!$G$2:$G$164,$A13,Data!$B$2:$B$164,H$4)/1000 -> 0.07 | I13: =SUMIFS(Data!$E$2:$E$164,Data!$G$2:$G$164,$A13,Data!$B$2:$B$164,I$4)/1000 -> 0 | ... T13: =SUMIFS(Data!$E$2:$E$164,Data!$G$2:$G$164,$A13,Data!$B$2:$B$164,T$4)/1000 -> 0 | U13: =SUM(B13:T13) -> 0.205
A14: Karnataka | B14: =SUMIFS(Data!$E$2:$E$164,Data!$G$2:$G$164,$A14,Data!$B$2:$B$164,B$4)/1000 -> 0 | C14: =SUMIFS(Data!$E$2:$E$164,Data!$G$2:$G$164,$A14,Data!$B$2:$B$164,C$4)/1000 -> 0 | D14: =SUMIFS(Data!$E$2:$E$164,Data!$G$2:$G$164,$A14,Data!$B$2:$B$164,D$4)/1000 -> 0 | E14: =SUMIFS(Data!$E$2:$E$164,Data!$G$2:$G$164,$A14,Data!$B$2:$B$164,E$4)/1000 -> 0 | F14: =SUMIFS(Data!$E$2:$E$164,Data!$G$2:$G$164,$A14,Data!$B$2:$B$164,F$4)/1000 -> 0 | G14: =SUMIFS(Data!$E$2:$E$164,Data!$G$2:$G$164,$A14,Data!$B$2:$B$164,G$4)/1000 -> 0 | H14: =SUMIFS(Data!$E$2:$E$164,Data!$G$2:$G$164,$A14,Data!$B$2:$B$164,H$4)/1000 -> 0.12 | I14: =SUMIFS(Data!$E$2:$E$164,Data!$G$2:$G$164,$A14,Data!$B$2:$B$164,I$4)/1000 -> 0 | ... T14: =SUMIFS(Data!$E$2:$E$164,Data!$G$2:$G$164,$A14,Data!$B$2:$B$164,T$4)/1000 -> 0 | U14: =SUM(B14:T14) -> 0.12
A15: Dadra & Nagar Haveli (UT) | B15: =SUMIFS(Data!$E$2:$E$164,Data!$G$2:$G$164,$A15,Data!$B$2:$B$164,B$4)/1000 -> 0.05 | C15: =SUMIFS(Data!$E$2:$E$164,Data!$G$2:$G$164,$A15,Data!$B$2:$B$164,C$4)/1000 -> 0 | D15: =SUMIFS(Data!$E$2:$E$164,Data!$G$2:$G$164,$A15,Data!$B$2:$B$164,D$4)/1000 -> 0 | E15: =SUMIFS(Data!$E$2:$E$164,Data!$G$2:$G$164,$A15,Data!$B$2:$B$164,E$4)/1000 -> 0 | F15: =SUMIFS(Data!$E$2:$E$164,Data!$G$2:$G$164,$A15,Data!$B$2:$B$164,F$4)/1000 -> 0 | G15: =SUMIFS(Data!$E$2:$E$164,Data!$G$2:$G$164,$A15,Data!$B$2:$B$164,G$4)/1000 -> 0 | H15: =SUMIFS(Data!$E$2:$E$164,Data!$G$2:$G$164,$A15,Data!$B$2:$B$164,H$4)/1000 -> 0 | I15: =SUMIFS(Data!$E$2:$E$164,Data!$G$2:$G$164,$A15,Data!$B$2:$B$164,I$4)/1000 -> 0 | ... T15: =SUMIFS(Data!$E$2:$E$164,Data!$G$2:$G$164,$A15,Data!$B$2:$B$164,T$4)/1000 -> 0 | U15: =SUM(B15:T15) -> 0.05
A16: Haryana | B16: =SUMIFS(Data!$E$2:$E$164,Data!$G$2:$G$164,$A16,Data!$B$2:$B$164,B$4)/1000 -> 0 | C16: =SUMIFS(Data!$E$2:$E$164,Data!$G$2:$G$164,$A16,Data!$B$2:$B$164,C$4)/1000 -> 0 | D16: =SUMIFS(Data!$E$2:$E$164,Data!$G$2:$G$164,$A16,Data!$B$2:$B$164,D$4)/1000 -> 0 | E16: =SUMIFS(Data!$E$2:$E$164,Data!$G$2:$G$164,$A16,Data!$B$2:$B$164,E$4)/1000 -> 0 | F16: =SUMIFS(Data!$E$2:$E$164,Data!$G$2:$G$164,$A16,Data!$B$2:$B$164,F$4)/1000 -> 0 | G16: =SUMIFS(Data!$E$2:$E$164,Data!$G$2:$G$164,$A16,Data!$B$2:$B$164,G$4)/1000 -> 0 | H16: =SUMIFS(Data!$E$2:$E$164,Data!$G$2:$G$164,$A16,Data!$B$2:$B$164,H$4)/1000 -> 0.05 | I16: =SUMIFS(Data!$E$2:$E$164,Data!$G$2:$G$164,$A16,Data!$B$2:$B$164,I$4)/1000 -> 0 | ... T16: =SUMIFS(Data!$E$2:$E$164,Data!$G$2:$G$164,$A16,Data!$B$2:$B$164,T$4)/1000 -> 0 | U16: =SUM(B16:T16) -> 0.05
A17: Uttar Pradesh | B17: =SUMIFS(Data!$E$2:$E$164,Data!$G$2:$G$164,$A17,Data!$B$2:$B$164,B$4)/1000 -> 0 | C17: =SUMIFS(Data!$E$2:$E$164,Data!$G$2:$G$164,$A17,Data!$B$2:$B$164,C$4)/1000 -> 0 | D17: =SUMIFS(Data!$E$2:$E$164,Data!$G$2:$G$164,$A17,Data!$B$2:$B$164,D$4)/1000 -> 0 | E17: =SUMIFS(Data!$E$2:$E$164,Data!$G$2:$G$164,$A17,Data!$B$2:$B$164,E$4)/1000 -> 0 | F17: =SUMIFS(Data!$E$2:$E$164,Data!$G$2:$G$164,$A17,Data!$B$2:$B$164,F$4)/1000 -> 0 | G17: =SUMIFS(Data!$E$2:$E$164,Data!$G$2:$G$164,$A17,Data!$B$2:$B$164,G$4)/1000 -> 0 | H17: =SUMIFS(Data!$E$2:$E$164,Data!$G$2:$G$164,$A17,Data!$B$2:$B$164,H$4)/1000 -> 0 | I17: =SUMIFS(Data!$E$2:$E$164,Data!$G$2:$G$164,$A17,Data!$B$2:$B$164,I$4)/1000 -> 0 | ... T17: =SUMIFS(Data!$E$2:$E$164,Data!$G$2:$G$164,$A17,Data!$B$2:$B$164,T$4)/1000 -> 0 | U17: =SUM(B17:T17) -> 0.05
A18: Total | B18: =SUM(B5:B17) -> 14.65 | C18: =SUM(C5:C17) -> 10.1 | D18: =SUM(D5:D17) -> 9.963 | E18: =SUM(E5:E17) -> 3.61 | F18: =SUM(F5:F17) -> 1.55 | G18: =SUM(G5:G17) -> 0.919 | H18: =SUM(H5:H17) -> 0.64 | I18: =SUM(I5:I17) -> 0.5 | ... U18: =SUM(U5:U17) -> 44.422

Sheet Data
A1: Applicant (as filed) | B1: Group | C1: Application no. | D1: Application date | E1: GNA quantum (MW) | F1: Interconnection point (as filed) | G1: State (derived from substation) | H1: Status (as on CTUIL) | I1: Status used
A2: VIZAG HYPERSCALE DATA CENTER PARK LIMITED | B2: Adani Group | C2: 2200003654 | D2: 08-05-2026 | E2: 216 | F2: Gajuwaka Substation | G2: Andhra Pradesh | H2: Under Process | I2: Under Process
A3: VIZAG HYPERSCALE DATA CENTER PARK LIMITED | B3: Adani Group | C3: 2200003655 | D3: 08-05-2026 | E3: 54 | F3: Gajuwaka Substation | G3: Andhra Pradesh | H3: Under Process | I3: Under Process
A4: VIZAG HYPERSCALE DATA CENTER PARK LIMITED | B4: Adani Group | C4: 2200003656 | D4: 08-05-2026 | E4: 54 | F4: Gajuwaka Substation | G4: Andhra Pradesh | H4: Under Process | I4: Under Process
A5: VIZAG HYPERSCALE DATA CENTER PARK LIMITED | B5: Adani Group | C5: 2200003658 | D5: 08-05-2026 | E5: 54 | F5: Pendurathi Substation (Proposed) | G5: Andhra Pradesh | H5: Under Process | I5: Under Process
A6: VIZAG HYPERSCALE DATA CENTER PARK LIMITED | B6: Adani Group | C6: 2200003661 | D6: 08-05-2026 | E6: 54 | F6: Pendurthi Substation (Proposed) | G6: Andhra Pradesh | H6: Under Process | I6: Under Process
A7: VIZAG HYPERSCALE DATA CENTER PARK LIMITED | B7: Adani Group | C7: 2200003662 | D7: 09-05-2026 | E7: 54 | F7: Pendurthi Substation (Proposed) | G7: Andhra Pradesh | H7: Under Process | I7: Under Process
A8: VIZAG HYPERSCALE DATA CENTER PARK LIMITED | B8: Adani Group | C8: 2200003663 | D8: 09-05-2026 | E8: 54 | F8: Pendurthi Substation (Proposed) | G8: Andhra Pradesh | H8: Under Process | I8: Under Process
A9: VIZAG HYPERSCALE DATA CENTER PARK LIMITED | B9: Adani Group | C9: 2200003664 | D9: 09-05-2026 | E9: 157 | F9: Pendurthi Substation (Proposed) | G9: Andhra Pradesh | H9: Under Process | I9: Under Process
A10: VIZAG MEGA DATA CENTER PARK LIMITED | B10: Adani Group | C10: 2200003641 | D10: 07-05-2026 | E10: 270 | F10: Gazuwaka Substation | G10: Andhra Pradesh | H10: Under Process | I10: Under Process
A11: VIZAG MEGA DATA CENTER PARK LIMITED | B11: Adani Group | C11: 2200003642 | D11: 07-05-2026 | E11: 54 | F11: Gazuwaka Substation | G11: Andhra Pradesh | H11: Under Process | I11: Under Process
A12: VIZAG MEGA DATA CENTER PARK LIMITED | B12: Adani Group | C12: 2200003643 | D12: 07-05-2026 | E12: 54 | F12: Gajuwaka Substation | G12: Andhra Pradesh | H12: Under Process | I12: Under Process
A13: VIZAG MEGA DATA CENTER PARK LIMITED | B13: Adani Group | C13: 2200003644 | D13: 07-05-2026 | E13: 54 | F13: Gajuwaka Substation | G13: Andhra Pradesh | H13: Under Process | I13: Under Process
... A164: Indian Railways | B164: Railways | C164: 2200001656 | D164: 06-02-2025 | E164: 50 | F164: NAINI | G164: Uttar Pradesh | H164: Approved | I164: Approved
A166: Source: CTUIL, 'Status of Application under GNA Regulation' - tab 'Application under Regulation 20.1, 20.3 and 20.4 ...', rows where Nature of Applicant = Bulk consumer; downloaded 19-Oct-2026 from https://ctuil.in/nswsapi/gna
A167: Rules: 20 CLOSED applications (5,329 MW) excluded; 2 applications with blank status (2,550 MW) treated as Under Process; State derived from the interconnection substation named in the filing (Kala = PGCIL Kala, Dadra & Nagar Haveli).
A168: Group mapping per user's research (Adani Group, SITAC Group, Rays Power, Hygenco, NTPC*, etc.); edit column B to change it - the other sheets update.

Sheet State_x_Company_UnderProc
A1: State x company group - Under Process only (GW)
A4: State | B4: Reliance | C4: ACME Cleantech | D4: Adani Group | E4: NTPC* | F4: TCS | G4: ArcelorMittal | H4: SITAC Group | I4: L&T | J4: Rays Power | K4: Hygenco | L4: Hindustan Zinc | M4: Jindal Steel | N4: Jakson Group | O4: Railways | P4: Hira Group | Q4: Qubitiq | R4: Bharat Aluminium | S4: Hindalco | T4: Ultratech | U4: Total
A5: Gujarat | B5: =SUMIFS(Data!$E$2:$E$164,Data!$G$2:$G$164,$A5,Data!$B$2:$B$164,B$4,Data!$I$2:$I$164,"Under Process")/1000 -> 14.55 | C5: =SUMIFS(Data!$E$2:$E$164,Data!$G$2:$G$164,$A5,Data!$B$2:$B$164,C$4,Data!$I$2:$I$164,"Under Process")/1000 -> 0 | D5: =SUMIFS(Data!$E$2:$E$164,Data!$G$2:$G$164,$A5,Data!$B$2:$B$164,D$4,Data!$I$2:$I$164,"Under Process")/1000 -> 2.13 | E5: =SUMIFS(Data!$E$2:$E$164,Data!$G$2:$G$164,$A5,Data!$B$2:$B$164,E$4,Data!$I$2:$I$164,"Under Process")/1000 -> 0 | F5: =SUMIFS(Data!$E$2:$E$164,Data!$G$2:$G$164,$A5,Data!$B$2:$B$164,F$4,Data!$I$2:$I$164,"Under Process")/1000 -> 0 | G5: =SUMIFS(Data!$E$2:$E$164,Data!$G$2:$G$164,$A5,Data!$B$2:$B$164,G$4,Data!$I$2:$I$164,"Under Process")/1000 -> 0 | H5: =SUMIFS(Data!$E$2:$E$164,Data!$G$2:$G$164,$A5,Data!$B$2:$B$164,H$4,Data!$I$2:$I$164,"Under Process")/1000 -> 0 | I5: =SUMIFS(Data!$E$2:$E$164,Data!$G$2:$G$164,$A5,Data!$B$2:$B$164,I$4,Data!$I$2:$I$164,"Under Process")/1000 -> 0.5 | ... T5: =SUMIFS(Data!$E$2:$E$164,Data!$G$2:$G$164,$A5,Data!$B$2:$B$164,T$4,Data!$I$2:$I$164,"Under Process")/1000 -> 0 | U5: =SUM(B5:T5) -> 17.18
A6: Odisha | B6: =SUMIFS(Data!$E$2:$E$164,Data!$G$2:$G$164,$A6,Data!$B$2:$B$164,B$4,Data!$I$2:$I$164,"Under Process")/1000 -> 0 | C6: =SUMIFS(Data!$E$2:$E$164,Data!$G$2:$G$164,$A6,Data!$B$2:$B$164,C$4,Data!$I$2:$I$164,"Under Process")/1000 -> 10.1 | D6: =SUMIFS(Data!$E$2:$E$164,Data!$G$2:$G$164,$A6,Data!$B$2:$B$164,D$4,Data!$I$2:$I$164,"Under Process")/1000 -> 0 | E6: =SUMIFS(Data!$E$2:$E$164,Data!$G$2:$G$164,$A6,Data!$B$2:$B$164,E$4,Data!$I$2:$I$164,"Under Process")/1000 -> 0 | F6: =SUMIFS(Data!$E$2:$E$164,Data!$G$2:$G$164,$A6,Data!$B$2:$B$164,F$4,Data!$I$2:$I$164,"Under Process")/1000 -> 0 | G6: =SUMIFS(Data!$E$2:$E$164,Data!$G$2:$G$164,$A6,Data!$B$2:$B$164,G$4,Data!$I$2:$I$164,"Under Process")/1000 -> 0 | H6: =SUMIFS(Data!$E$2:$E$164,Data!$G$2:$G$164,$A6,Data!$B$2:$B$164,H$4,Data!$I$2:$I$164,"Under Process")/1000 -> 0 | I6: =SUMIFS(Data!$E$2:$E$164,Data!$G$2:$G$164,$A6,Data!$B$2:$B$164,I$4,Data!$I$2:$I$164,"Under Process")/1000 -> 0 | ... T6: =SUMIFS(Data!$E$2:$E$164,Data!$G$2:$G$164,$A6,Data!$B$2:$B$164,T$4,Data!$I$2:$I$164,"Under Process")/1000 -> 0 | U6: =SUM(B6:T6) -> 11.275
A7: Andhra Pradesh | B7: =SUMIFS(Data!$E$2:$E$164,Data!$G$2:$G$164,$A7,Data!$B$2:$B$164,B$4,Data!$I$2:$I$164,"Under Process")/1000 -> 0 | C7: =SUMIFS(Data!$E$2:$E$164,Data!$G$2:$G$164,$A7,Data!$B$2:$B$164,C$4,Data!$I$2:$I$164,"Under Process")/1000 -> 0 | D7: =SUMIFS(Data!$E$2:$E$164,Data!$G$2:$G$164,$A7,Data!$B$2:$B$164,D$4,Data!$I$2:$I$164,"Under Process")/1000 -> 2.323 | E7: =SUMIFS(Data!$E$2:$E$164,Data!$G$2:$G$164,$A7,Data!$B$2:$B$164,E$4,Data!$I$2:$I$164,"Under Process")/1000 -> 3.5 | F7: =SUMIFS(Data!$E$2:$E$164,Data!$G$2:$G$164,$A7,Data!$B$2:$B$164,F$4,Data!$I$2:$I$164,"Under Process")/1000 -> 0 | G7: =SUMIFS(Data!$E$2:$E$164,Data!$G$2:$G$164,$A7,Data!$B$2:$B$164,G$4,Data!$I$2:$I$164,"Under Process")/1000 -> 0 | H7: =SUMIFS(Data!$E$2:$E$164,Data!$G$2:$G$164,$A7,Data!$B$2:$B$164,H$4,Data!$I$2:$I$164,"Under Process")/1000 -> 0.1 | I7: =SUMIFS(Data!$E$2:$E$164,Data!$G$2:$G$164,$A7,Data!$B$2:$B$164,I$4,Data!$I$2:$I$164,"Under Process")/1000 -> 0 | ... T7: =SUMIFS(Data!$E$2:$E$164,Data!$G$2:$G$164,$A7,Data!$B$2:$B$164,T$4,Data!$I$2:$I$164,"Under Process")/1000 -> 0.05 | U7: =SUM(B7:T7) -> 6.273
A8: Telangana | B8: =SUMIFS(Data!$E$2:$E$164,Data!$G$2:$G$164,$A8,Data!$B$2:$B$164,B$4,Data!$I$2:$I$164,"Under Process")/1000 -> 0 | C8: =SUMIFS(Data!$E$2:$E$164,Data!$G$2:$G$164,$A8,Data!$B$2:$B$164,C$4,Data!$I$2:$I$164,"Under Process")/1000 -> 0 | D8: =SUMIFS(Data!$E$2:$E$164,Data!$G$2:$G$164,$A8,Data!$B$2:$B$164,D$4,Data!$I$2:$I$164,"Under Process")/1000 -> 2.402 | E8: =SUMIFS(Data!$E$2:$E$164,Data!$G$2:$G$164,$A8,Data!$B$2:$B$164,E$4,Data!$I$2:$I$164,"Under Process")/1000 -> 0 | F8: =SUMIFS(Data!$E$2:$E$164,Data!$G$2:$G$164,$A8,Data!$B$2:$B$164,F$4,Data!$I$2:$I$164,"Under Process")/1000 -> 1.55 | G8: =SUMIFS(Data!$E$2:$E$164,Data!$G$2:$G$164,$A8,Data!$B$2:$B$164,G$4,Data!$I$2:$I$164,"Under Process")/1000 -> 0 | H8: =SUMIFS(Data!$E$2:$E$164,Data!$G$2:$G$164,$A8,Data!$B$2:$B$164,H$4,Data!$I$2:$I$164,"Under Process")/1000 -> 0.1 | I8: =SUMIFS(Data!$E$2:$E$164,Data!$G$2:$G$164,$A8,Data!$B$2:$B$164,I$4,Data!$I$2:$I$164,"Under Process")/1000 -> 0 | ... T8: =SUMIFS(Data!$E$2:$E$164,Data!$G$2:$G$164,$A8,Data!$B$2:$B$164,T$4,Data!$I$2:$I$164,"Under Process")/1000 -> 0 | U8: =SUM(B8:T8) -> 4.052
A9: Maharashtra | B9: =SUMIFS(Data!$E$2:$E$164,Data!$G$2:$G$164,$A9,Data!$B$2:$B$164,B$4,Data!$I$2:$I$164,"Under Process")/1000 -> 0.05 | C9: =SUMIFS(Data!$E$2:$E$164,Data!$G$2:$G$164,$A9,Data!$B$2:$B$164,C$4,Data!$I$2:$I$164,"Under Process")/1000 -> 0 | D9: =SUMIFS(Data!$E$2:$E$164,Data!$G$2:$G$164,$A9,Data!$B$2:$B$164,D$4,Data!$I$2:$I$164,"Under Process")/1000 -> 0.5 | E9: =SUMIFS(Data!$E$2:$E$164,Data!$G$2:$G$164,$A9,Data!$B$2:$B$164,E$4,Data!$I$2:$I$164,"Under Process")/1000 -> 0 | F9: =SUMIFS(Data!$E$2:$E$164,Data!$G$2:$G$164,$A9,Data!$B$2:$B$164,F$4,Data!$I$2:$I$164,"Under Process")/1000 -> 0 | G9: =SUMIFS(Data!$E$2:$E$164,Data!$G$2:$G$164,$A9,Data!$B$2:$B$164,G$4,Data!$I$2:$I$164,"Under Process")/1000 -> 0 | H9: =SUMIFS(Data!$E$2:$E$164,Data!$G$2:$G$164,$A9,Data!$B$2:$B$164,H$4,Data!$I$2:$I$164,"Under Process")/1000 -> 0.1 | I9: =SUMIFS(Data!$E$2:$E$164,Data!$G$2:$G$164,$A9,Data!$B$2:$B$164,I$4,Data!$I$2:$I$164,"Under Process")/1000 -> 0 | ... T9: =SUMIFS(Data!$E$2:$E$164,Data!$G$2:$G$164,$A9,Data!$B$2:$B$164,T$4,Data!$I$2:$I$164,"Under Process")/1000 -> 0 | U9: =SUM(B9:T9) -> 0.65
A10: Rajasthan | B10: =SUMIFS(Data!$E$2:$E$164,Data!$G$2:$G$164,$A10,Data!$B$2:$B$164,B$4,Data!$I$2:$I$164,"Under Process")/1000 -> 0 | C10: =SUMIFS(Data!$E$2:$E$164,Data!$G$2:$G$164,$A10,Data!$B$2:$B$164,C$4,Data!$I$2:$I$164,"Under Process")/1000 -> 0 | D10: =SUMIFS(Data!$E$2:$E$164,Data!$G$2:$G$164,$A10,Data!$B$2:$B$164,D$4,Data!$I$2:$I$164,"Under Process")/1000 -> 0 | E10: =SUMIFS(Data!$E$2:$E$164,Data!$G$2:$G$164,$A10,Data!$B$2:$B$164,E$4,Data!$I$2:$I$164,"Under Process")/1000 -> 0 | F10: =SUMIFS(Data!$E$2:$E$164,Data!$G$2:$G$164,$A10,Data!$B$2:$B$164,F$4,Data!$I$2:$I$164,"Under Process")/1000 -> 0 | G10: =SUMIFS(Data!$E$2:$E$164,Data!$G$2:$G$164,$A10,Data!$B$2:$B$164,G$4,Data!$I$2:$I$164,"Under Process")/1000 -> 0 | H10: =SUMIFS(Data!$E$2:$E$164,Data!$G$2:$G$164,$A10,Data!$B$2:$B$164,H$4,Data!$I$2:$I$164,"Under Process")/1000 -> 0.1 | I10: =SUMIFS(Data!$E$2:$E$164,Data!$G$2:$G$164,$A10,Data!$B$2:$B$164,I$4,Data!$I$2:$I$164,"Under Process")/1000 -> 0 | ... T10: =SUMIFS(Data!$E$2:$E$164,Data!$G$2:$G$164,$A10,Data!$B$2:$B$164,T$4,Data!$I$2:$I$164,"Under Process")/1000 -> 0 | U10: =SUM(B10:T10) -> 0.15
A11: Chhattisgarh | B11: =SUMIFS(Data!$E$2:$E$164,Data!$G$2:$G$164,$A11,Data!$B$2:$B$164,B$4,Data!$I$2:$I$164,"Under Process")/1000 -> 0 | C11: =SUMIFS(Data!$E$2:$E$164,Data!$G$2:$G$164,$A11,Data!$B$2:$B$164,C$4,Data!$I$2:$I$164,"Under Process")/1000 -> 0 | D11: =SUMIFS(Data!$E$2:$E$164,Data!$G$2:$G$164,$A11,Data!$B$2:$B$164,D$4,Data!$I$2:$I$164,"Under Process")/1000 -> 0 | E11: =SUMIFS(Data!$E$2:$E$164,Data!$G$2:$G$164,$A11,Data!$B$2:$B$164,E$4,Data!$I$2:$I$164,"Under Process")/1000 -> 0 | F11: =SUMIFS(Data!$E$2:$E$164,Data!$G$2:$G$164,$A11,Data!$B$2:$B$164,F$4,Data!$I$2:$I$164,"Under Process")/1000 -> 0 | G11: =SUMIFS(Data!$E$2:$E$164,Data!$G$2:$G$164,$A11,Data!$B$2:$B$164,G$4,Data!$I$2:$I$164,"Under Process")/1000 -> 0 | H11: =SUMIFS(Data!$E$2:$E$164,Data!$G$2:$G$164,$A11,Data!$B$2:$B$164,H$4,Data!$I$2:$I$164,"Under Process")/1000 -> 0 | I11: =SUMIFS(Data!$E$2:$E$164,Data!$G$2:$G$164,$A11,Data!$B$2:$B$164,I$4,Data!$I$2:$I$164,"Under Process")/1000 -> 0 | ... T11: =SUMIFS(Data!$E$2:$E$164,Data!$G$2:$G$164,$A11,Data!$B$2:$B$164,T$4,Data!$I$2:$I$164,"Under Process")/1000 -> 0 | U11: =SUM(B11:T11) -> 0
A12: Madhya Pradesh | B12: =SUMIFS(Data!$E$2:$E$164,Data!$G$2:$G$164,$A12,Data!$B$2:$B$164,B$4,Data!$I$2:$I$164,"Under Process")/1000 -> 0 | C12: =SUMIFS(Data!$E$2:$E$164,Data!$G$2:$G$164,$A12,Data!$B$2:$B$164,C$4,Data!$I$2:$I$164,"Under Process")/1000 -> 0 | D12: =SUMIFS(Data!$E$2:$E$164,Data!$G$2:$G$164,$A12,Data!$B$2:$B$164,D$4,Data!$I$2:$I$164,"Under Process")/1000 -> 0 | E12: =SUMIFS(Data!$E$2:$E$164,Data!$G$2:$G$164,$A12,Data!$B$2:$B$164,E$4,Data!$I$2:$I$164,"Under Process")/1000 -> 0.11 | F12: =SUMIFS(Data!$E$2:$E$164,Data!$G$2:$G$164,$A12,Data!$B$2:$B$164,F$4,Data!$I$2:$I$164,"Under Process")/1000 -> 0 | G12: =SUMIFS(Data!$E$2:$E$164,Data!$G$2:$G$164,$A12,Data!$B$2:$B$164,G$4,Data!$I$2:$I$164,"Under Process")/1000 -> 0 | H12: =SUMIFS(Data!$E$2:$E$164,Data!$G$2:$G$164,$A12,Data!$B$2:$B$164,H$4,Data!$I$2:$I$164,"Under Process")/1000 -> 0 | I12: =SUMIFS(Data!$E$2:$E$164,Data!$G$2:$G$164,$A12,Data!$B$2:$B$164,I$4,Data!$I$2:$I$164,"Under Process")/1000 -> 0 | ... T12: =SUMIFS(Data!$E$2:$E$164,Data!$G$2:$G$164,$A12,Data!$B$2:$B$164,T$4,Data!$I$2:$I$164,"Under Process")/1000 -> 0 | U12: =SUM(B12:T12) -> 0.21
A13: Tamil Nadu | B13: =SUMIFS(Data!$E$2:$E$164,Data!$G$2:$G$164,$A13,Data!$B$2:$B$164,B$4,Data!$I$2:$I$164,"Under Process")/1000 -> 0 | C13: =SUMIFS(Data!$E$2:$E$164,Data!$G$2:$G$164,$A13,Data!$B$2:$B$164,C$4,Data!$I$2:$I$164,"Under Process")/1000 -> 0 | D13: =SUMIFS(Data!$E$2:$E$164,Data!$G$2:$G$164,$A13,Data!$B$2:$B$164,D$4,Data!$I$2:$I$164,"Under Process")/1000 -> 0 | E13: =SUMIFS(Data!$E$2:$E$164,Data!$G$2:$G$164,$A13,Data!$B$2:$B$164,E$4,Data!$I$2:$I$164,"Under Process")/1000 -> 0 | F13: =SUMIFS(Data!$E$2:$E$164,Data!$G$2:$G$164,$A13,Data!$B$2:$B$164,F$4,Data!$I$2:$I$164,"Under Process")/1000 -> 0 | G13: =SUMIFS(Data!$E$2:$E$164,Data!$G$2:$G$164,$A13,Data!$B$2:$B$164,G$4,Data!$I$2:$I$164,"Under Process")/1000 -> 0 | H13: =SUMIFS(Data!$E$2:$E$164,Data!$G$2:$G$164,$A13,Data!$B$2:$B$164,H$4,Data!$I$2:$I$164,"Under Process")/1000 -> 0.07 | I13: =SUMIFS(Data!$E$2:$E$164,Data!$G$2:$G$164,$A13,Data!$B$2:$B$164,I$4,Data!$I$2:$I$164,"Under Process")/1000 -> 0 | ... T13: =SUMIFS(Data!$E$2:$E$164,Data!$G$2:$G$164,$A13,Data!$B$2:$B$164,T$4,Data!$I$2:$I$164,"Under Process")/1000 -> 0 | U13: =SUM(B13:T13) -> 0.205
A14: Karnataka | B14: =SUMIFS(Data!$E$2:$E$164,Data!$G$2:$G$164,$A14,Data!$B$2:$B$164,B$4,Data!$I$2:$I$164,"Under Process")/1000 -> 0 | C14: =SUMIFS(Data!$E$2:$E$164,Data!$G$2:$G$164,$A14,Data!$B$2:$B$164,C$4,Data!$I$2:$I$164,"Under Process")/1000 -> 0 | D14: =SUMIFS(Data!$E$2:$E$164,Data!$G$2:$G$164,$A14,Data!$B$2:$B$164,D$4,Data!$I$2:$I$164,"Under Process")/1000 -> 0 | E14: =SUMIFS(Data!$E$2:$E$164,Data!$G$2:$G$164,$A14,Data!$B$2:$B$164,E$4,Data!$I$2:$I$164,"Under Process")/1000 -> 0 | F14: =SUMIFS(Data!$E$2:$E$164,Data!$G$2:$G$164,$A14,Data!$B$2:$B$164,F$4,Data!$I$2:$I$164,"Under Process")/1000 -> 0 | G14: =SUMIFS(Data!$E$2:$E$164,Data!$G$2:$G$164,$A14,Data!$B$2:$B$164,G$4,Data!$I$2:$I$164,"Under Process")/1000 -> 0 | H14: =SUMIFS(Data!$E$2:$E$164,Data!$G$2:$G$164,$A14,Data!$B$2:$B$164,H$4,Data!$I$2:$I$164,"Under Process")/1000 -> 0.12 | I14: =SUMIFS(Data!$E$2:$E$164,Data!$G$2:$G$164,$A14,Data!$B$2:$B$164,I$4,Data!$I$2:$I$164,"Under Process")/1000 -> 0 | ... T14: =SUMIFS(Data!$E$2:$E$164,Data!$G$2:$G$164,$A14,Data!$B$2:$B$164,T$4,Data!$I$2:$I$164,"Under Process")/1000 -> 0 | U14: =SUM(B14:T14) -> 0.12
A15: Dadra & Nagar Haveli (UT) | B15: =SUMIFS(Data!$E$2:$E$164,Data!$G$2:$G$164,$A15,Data!$B$2:$B$164,B$4,Data!$I$2:$I$164,"Under Process")/1000 -> 0.05 | C15: =SUMIFS(Data!$E$2:$E$164,Data!$G$2:$G$164,$A15,Data!$B$2:$B$164,C$4,Data!$I$2:$I$164,"Under Process")/1000 -> 0 | D15: =SUMIFS(Data!$E$2:$E$164,Data!$G$2:$G$164,$A15,Data!$B$2:$B$164,D$4,Data!$I$2:$I$164,"Under Process")/1000 -> 0 | E15: =SUMIFS(Data!$E$2:$E$164,Data!$G$2:$G$164,$A15,Data!$B$2:$B$164,E$4,Data!$I$2:$I$164,"Under Process")/1000 -> 0 | F15: =SUMIFS(Data!$E$2:$E$164,Data!$G$2:$G$164,$A15,Data!$B$2:$B$164,F$4,Data!$I$2:$I$164,"Under Process")/1000 -> 0 | G15: =SUMIFS(Data!$E$2:$E$164,Data!$G$2:$G$164,$A15,Data!$B$2:$B$164,G$4,Data!$I$2:$I$164,"Under Process")/1000 -> 0 | H15: =SUMIFS(Data!$E$2:$E$164,Data!$G$2:$G$164,$A15,Data!$B$2:$B$164,H$4,Data!$I$2:$I$164,"Under Process")/1000 -> 0 | I15: =SUMIFS(Data!$E$2:$E$164,Data!$G$2:$G$164,$A15,Data!$B$2:$B$164,I$4,Data!$I$2:$I$164,"Under Process")/1000 -> 0 | ... T15: =SUMIFS(Data!$E$2:$E$164,Data!$G$2:$G$164,$A15,Data!$B$2:$B$164,T$4,Data!$I$2:$I$164,"Under Process")/1000 -> 0 | U15: =SUM(B15:T15) -> 0.05
A16: Haryana | B16: =SUMIFS(Data!$E$2:$E$164,Data!$G$2:$G$164,$A16,Data!$B$2:$B$164,B$4,Data!$I$2:$I$164,"Under Process")/1000 -> 0 | C16: =SUMIFS(Data!$E$2:$E$164,Data!$G$2:$G$164,$A16,Data!$B$2:$B$164,C$4,Data!$I$2:$I$164,"Under Process")/1000 -> 0 | D16: =SUMIFS(Data!$E$2:$E$164,Data!$G$2:$G$164,$A16,Data!$B$2:$B$164,D$4,Data!$I$2:$I$164,"Under Process")/1000 -> 0 | E16: =SUMIFS(Data!$E$2:$E$164,Data!$G$2:$G$164,$A16,Data!$B$2:$B$164,E$4,Data!$I$2:$I$164,"Under Process")/1000 -> 0 | F16: =SUMIFS(Data!$E$2:$E$164,Data!$G$2:$G$164,$A16,Data!$B$2:$B$164,F$4,Data!$I$2:$I$164,"Under Process")/1000 -> 0 | G16: =SUMIFS(Data!$E$2:$E$164,Data!$G$2:$G$164,$A16,Data!$B$2:$B$164,G$4,Data!$I$2:$I$164,"Under Process")/1000 -> 0 | H16: =SUMIFS(Data!$E$2:$E$164,Data!$G$2:$G$164,$A16,Data!$B$2:$B$164,H$4,Data!$I$2:$I$164,"Under Process")/1000 -> 0.05 | I16: =SUMIFS(Data!$E$2:$E$164,Data!$G$2:$G$164,$A16,Data!$B$2:$B$164,I$4,Data!$I$2:$I$164,"Under Process")/1000 -> 0 | ... T16: =SUMIFS(Data!$E$2:$E$164,Data!$G$2:$G$164,$A16,Data!$B$2:$B$164,T$4,Data!$I$2:$I$164,"Under Process")/1000 -> 0 | U16: =SUM(B16:T16) -> 0.05
A17: Uttar Pradesh | B17: =SUMIFS(Data!$E$2:$E$164,Data!$G$2:$G$164,$A17,Data!$B$2:$B$164,B$4,Data!$I$2:$I$164,"Under Process")/1000 -> 0 | C17: =SUMIFS(Data!$E$2:$E$164,Data!$G$2:$G$164,$A17,Data!$B$2:$B$164,C$4,Data!$I$2:$I$164,"Under Process")/1000 -> 0 | D17: =SUMIFS(Data!$E$2:$E$164,Data!$G$2:$G$164,$A17,Data!$B$2:$B$164,D$4,Data!$I$2:$I$164,"Under Process")/1000 -> 0 | E17: =SUMIFS(Data!$E$2:$E$164,Data!$G$2:$G$164,$A17,Data!$B$2:$B$164,E$4,Data!$I$2:$I$164,"Under Process")/1000 -> 0 | F17: =SUMIFS(Data!$E$2:$E$164,Data!$G$2:$G$164,$A17,Data!$B$2:$B$164,F$4,Data!$I$2:$I$164,"Under Process")/1000 -> 0 | G17: =SUMIFS(Data!$E$2:$E$164,Data!$G$2:$G$164,$A17,Data!$B$2:$B$164,G$4,Data!$I$2:$I$164,"Under Process")/1000 -> 0 | H17: =SUMIFS(Data!$E$2:$E$164,Data!$G$2:$G$164,$A17,Data!$B$2:$B$164,H$4,Data!$I$2:$I$164,"Under Process")/1000 -> 0 | I17: =SUMIFS(Data!$E$2:$E$164,Data!$G$2:$G$164,$A17,Data!$B$2:$B$164,I$4,Data!$I$2:$I$164,"Under Process")/1000 -> 0 | ... T17: =SUMIFS(Data!$E$2:$E$164,Data!$G$2:$G$164,$A17,Data!$B$2:$B$164,T$4,Data!$I$2:$I$164,"Under Process")/1000 -> 0 | U17: =SUM(B17:T17) -> 0
A18: Total | B18: =SUM(B5:B17) -> 14.65 | C18: =SUM(C5:C17) -> 10.1 | D18: =SUM(D5:D17) -> 7.355 | E18: =SUM(E5:E17) -> 3.61 | F18: =SUM(F5:F17) -> 1.55 | G18: =SUM(G5:G17) -> 0 | H18: =SUM(H5:H17) -> 0.64 | I18: =SUM(I5:I17) -> 0.5 | ... U18: =SUM(U5:U17) -> 40.215

Sheet State_x_Company_Approved
A1: State x company group - Approved only (GW)
A4: State | B4: Reliance | C4: ACME Cleantech | D4: Adani Group | E4: NTPC* | F4: TCS | G4: ArcelorMittal | H4: SITAC Group | I4: L&T | J4: Rays Power | K4: Hygenco | L4: Hindustan Zinc | M4: Jindal Steel | N4: Jakson Group | O4: Railways | P4: Hira Group | Q4: Qubitiq | R4: Bharat Aluminium | S4: Hindalco | T4: Ultratech | U4: Total
A5: Gujarat | B5: =SUMIFS(Data!$E$2:$E$164,Data!$G$2:$G$164,$A5,Data!$B$2:$B$164,B$4,Data!$I$2:$I$164,"Approved")/1000 -> 0 | C5: =SUMIFS(Data!$E$2:$E$164,Data!$G$2:$G$164,$A5,Data!$B$2:$B$164,C$4,Data!$I$2:$I$164,"Approved")/1000 -> 0 | D5: =SUMIFS(Data!$E$2:$E$164,Data!$G$2:$G$164,$A5,Data!$B$2:$B$164,D$4,Data!$I$2:$I$164,"Approved")/1000 -> 1.14 | E5: =SUMIFS(Data!$E$2:$E$164,Data!$G$2:$G$164,$A5,Data!$B$2:$B$164,E$4,Data!$I$2:$I$164,"Approved")/1000 -> 0 | F5: =SUMIFS(Data!$E$2:$E$164,Data!$G$2:$G$164,$A5,Data!$B$2:$B$164,F$4,Data!$I$2:$I$164,"Approved")/1000 -> 0 | G5: =SUMIFS(Data!$E$2:$E$164,Data!$G$2:$G$164,$A5,Data!$B$2:$B$164,G$4,Data!$I$2:$I$164,"Approved")/1000 -> 0.487 | H5: =SUMIFS(Data!$E$2:$E$164,Data!$G$2:$G$164,$A5,Data!$B$2:$B$164,H$4,Data!$I$2:$I$164,"Approved")/1000 -> 0 | I5: =SUMIFS(Data!$E$2:$E$164,Data!$G$2:$G$164,$A5,Data!$B$2:$B$164,I$4,Data!$I$2:$I$164,"Approved")/1000 -> 0 | ... T5: =SUMIFS(Data!$E$2:$E$164,Data!$G$2:$G$164,$A5,Data!$B$2:$B$164,T$4,Data!$I$2:$I$164,"Approved")/1000 -> 0 | U5: =SUM(B5:T5) -> 1.627
A6: Odisha | B6: =SUMIFS(Data!$E$2:$E$164,Data!$G$2:$G$164,$A6,Data!$B$2:$B$164,B$4,Data!$I$2:$I$164,"Approved")/1000 -> 0 | C6: =SUMIFS(Data!$E$2:$E$164,Data!$G$2:$G$164,$A6,Data!$B$2:$B$164,C$4,Data!$I$2:$I$164,"Approved")/1000 -> 0 | D6: =SUMIFS(Data!$E$2:$E$164,Data!$G$2:$G$164,$A6,Data!$B$2:$B$164,D$4,Data!$I$2:$I$164,"Approved")/1000 -> 0 | E6: =SUMIFS(Data!$E$2:$E$164,Data!$G$2:$G$164,$A6,Data!$B$2:$B$164,E$4,Data!$I$2:$I$164,"Approved")/1000 -> 0 | F6: =SUMIFS(Data!$E$2:$E$164,Data!$G$2:$G$164,$A6,Data!$B$2:$B$164,F$4,Data!$I$2:$I$164,"Approved")/1000 -> 0 | G6: =SUMIFS(Data!$E$2:$E$164,Data!$G$2:$G$164,$A6,Data!$B$2:$B$164,G$4,Data!$I$2:$I$164,"Approved")/1000 -> 0.432 | H6: =SUMIFS(Data!$E$2:$E$164,Data!$G$2:$G$164,$A6,Data!$B$2:$B$164,H$4,Data!$I$2:$I$164,"Approved")/1000 -> 0 | I6: =SUMIFS(Data!$E$2:$E$164,Data!$G$2:$G$164,$A6,Data!$B$2:$B$164,I$4,Data!$I$2:$I$164,"Approved")/1000 -> 0 | ... T6: =SUMIFS(Data!$E$2:$E$164,Data!$G$2:$G$164,$A6,Data!$B$2:$B$164,T$4,Data!$I$2:$I$164,"Approved")/1000 -> 0 | U6: =SUM(B6:T6) -> 0.432
A7: Andhra Pradesh | B7: =SUMIFS(Data!$E$2:$E$164,Data!$G$2:$G$164,$A7,Data!$B$2:$B$164,B$4,Data!$I$2:$I$164,"Approved")/1000 -> 0 | C7: =SUMIFS(Data!$E$2:$E$164,Data!$G$2:$G$164,$A7,Data!$B$2:$B$164,C$4,Data!$I$2:$I$164,"Approved")/1000 -> 0 | D7: =SUMIFS(Data!$E$2:$E$164,Data!$G$2:$G$164,$A7,Data!$B$2:$B$164,D$4,Data!$I$2:$I$164,"Approved")/1000 -> 0 | E7: =SUMIFS(Data!$E$2:$E$164,Data!$G$2:$G$164,$A7,Data!$B$2:$B$164,E$4,Data!$I$2:$I$164,"Approved")/1000 -> 0 | F7: =SUMIFS(Data!$E$2:$E$164,Data!$G$2:$G$164,$A7,Data!$B$2:$B$164,F$4,Data!$I$2:$I$164,"Approved")/1000 -> 0 | G7: =SUMIFS(Data!$E$2:$E$164,Data!$G$2:$G$164,$A7,Data!$B$2:$B$164,G$4,Data!$I$2:$I$164,"Approved")/1000 -> 0 | H7: =SUMIFS(Data!$E$2:$E$164,Data!$G$2:$G$164,$A7,Data!$B$2:$B$164,H$4,Data!$I$2:$I$164,"Approved")/1000 -> 0 | I7: =SUMIFS(Data!$E$2:$E$164,Data!$G$2:$G$164,$A7,Data!$B$2:$B$164,I$4,Data!$I$2:$I$164,"Approved")/1000 -> 0 | ... T7: =SUMIFS(Data!$E$2:$E$164,Data!$G$2:$G$164,$A7,Data!$B$2:$B$164,T$4,Data!$I$2:$I$164,"Approved")/1000 -> 0 | U7: =SUM(B7:T7) -> 0
A8: Telangana | B8: =SUMIFS(Data!$E$2:$E$164,Data!$G$2:$G$164,$A8,Data!$B$2:$B$164,B$4,Data!$I$2:$I$164,"Approved")/1000 -> 0 | C8: =SUMIFS(Data!$E$2:$E$164,Data!$G$2:$G$164,$A8,Data!$B$2:$B$164,C$4,Data!$I$2:$I$164,"Approved")/1000 -> 0 | D8: =SUMIFS(Data!$E$2:$E$164,Data!$G$2:$G$164,$A8,Data!$B$2:$B$164,D$4,Data!$I$2:$I$164,"Approved")/1000 -> 0 | E8: =SUMIFS(Data!$E$2:$E$164,Data!$G$2:$G$164,$A8,Data!$B$2:$B$164,E$4,Data!$I$2:$I$164,"Approved")/1000 -> 0 | F8: =SUMIFS(Data!$E$2:$E$164,Data!$G$2:$G$164,$A8,Data!$B$2:$B$164,F$4,Data!$I$2:$I$164,"Approved")/1000 -> 0 | G8: =SUMIFS(Data!$E$2:$E$164,Data!$G$2:$G$164,$A8,Data!$B$2:$B$164,G$4,Data!$I$2:$I$164,"Approved")/1000 -> 0 | H8: =SUMIFS(Data!$E$2:$E$164,Data!$G$2:$G$164,$A8,Data!$B$2:$B$164,H$4,Data!$I$2:$I$164,"Approved")/1000 -> 0 | I8: =SUMIFS(Data!$E$2:$E$164,Data!$G$2:$G$164,$A8,Data!$B$2:$B$164,I$4,Data!$I$2:$I$164,"Approved")/1000 -> 0 | ... T8: =SUMIFS(Data!$E$2:$E$164,Data!$G$2:$G$164,$A8,Data!$B$2:$B$164,T$4,Data!$I$2:$I$164,"Approved")/1000 -> 0 | U8: =SUM(B8:T8) -> 0
A9: Maharashtra | B9: =SUMIFS(Data!$E$2:$E$164,Data!$G$2:$G$164,$A9,Data!$B$2:$B$164,B$4,Data!$I$2:$I$164,"Approved")/1000 -> 0 | C9: =SUMIFS(Data!$E$2:$E$164,Data!$G$2:$G$164,$A9,Data!$B$2:$B$164,C$4,Data!$I$2:$I$164,"Approved")/1000 -> 0 | D9: =SUMIFS(Data!$E$2:$E$164,Data!$G$2:$G$164,$A9,Data!$B$2:$B$164,D$4,Data!$I$2:$I$164,"Approved")/1000 -> 1.468 | E9: =SUMIFS(Data!$E$2:$E$164,Data!$G$2:$G$164,$A9,Data!$B$2:$B$164,E$4,Data!$I$2:$I$164,"Approved")/1000 -> 0 | F9: =SUMIFS(Data!$E$2:$E$164,Data!$G$2:$G$164,$A9,Data!$B$2:$B$164,F$4,Data!$I$2:$I$164,"Approved")/1000 -> 0 | G9: =SUMIFS(Data!$E$2:$E$164,Data!$G$2:$G$164,$A9,Data!$B$2:$B$164,G$4,Data!$I$2:$I$164,"Approved")/1000 -> 0 | H9: =SUMIFS(Data!$E$2:$E$164,Data!$G$2:$G$164,$A9,Data!$B$2:$B$164,H$4,Data!$I$2:$I$164,"Approved")/1000 -> 0 | I9: =SUMIFS(Data!$E$2:$E$164,Data!$G$2:$G$164,$A9,Data!$B$2:$B$164,I$4,Data!$I$2:$I$164,"Approved")/1000 -> 0 | ... T9: =SUMIFS(Data!$E$2:$E$164,Data!$G$2:$G$164,$A9,Data!$B$2:$B$164,T$4,Data!$I$2:$I$164,"Approved")/1000 -> 0 | U9: =SUM(B9:T9) -> 1.518
A10: Rajasthan | B10: =SUMIFS(Data!$E$2:$E$164,Data!$G$2:$G$164,$A10,Data!$B$2:$B$164,B$4,Data!$I$2:$I$164,"Approved")/1000 -> 0 | C10: =SUMIFS(Data!$E$2:$E$164,Data!$G$2:$G$164,$A10,Data!$B$2:$B$164,C$4,Data!$I$2:$I$164,"Approved")/1000 -> 0 | D10: =SUMIFS(Data!$E$2:$E$164,Data!$G$2:$G$164,$A10,Data!$B$2:$B$164,D$4,Data!$I$2:$I$164,"Approved")/1000 -> 0 | E10: =SUMIFS(Data!$E$2:$E$164,Data!$G$2:$G$164,$A10,Data!$B$2:$B$164,E$4,Data!$I$2:$I$164,"Approved")/1000 -> 0 | F10: =SUMIFS(Data!$E$2:$E$164,Data!$G$2:$G$164,$A10,Data!$B$2:$B$164,F$4,Data!$I$2:$I$164,"Approved")/1000 -> 0 | G10: =SUMIFS(Data!$E$2:$E$164,Data!$G$2:$G$164,$A10,Data!$B$2:$B$164,G$4,Data!$I$2:$I$164,"Approved")/1000 -> 0 | H10: =SUMIFS(Data!$E$2:$E$164,Data!$G$2:$G$164,$A10,Data!$B$2:$B$164,H$4,Data!$I$2:$I$164,"Approved")/1000 -> 0 | I10: =SUMIFS(Data!$E$2:$E$164,Data!$G$2:$G$164,$A10,Data!$B$2:$B$164,I$4,Data!$I$2:$I$164,"Approved")/1000 -> 0 | ... T10: =SUMIFS(Data!$E$2:$E$164,Data!$G$2:$G$164,$A10,Data!$B$2:$B$164,T$4,Data!$I$2:$I$164,"Approved")/1000 -> 0 | U10: =SUM(B10:T10) -> 0.22
A11: Chhattisgarh | B11: =SUMIFS(Data!$E$2:$E$164,Data!$G$2:$G$164,$A11,Data!$B$2:$B$164,B$4,Data!$I$2:$I$164,"Approved")/1000 -> 0 | C11: =SUMIFS(Data!$E$2:$E$164,Data!$G$2:$G$164,$A11,Data!$B$2:$B$164,C$4,Data!$I$2:$I$164,"Approved")/1000 -> 0 | D11: =SUMIFS(Data!$E$2:$E$164,Data!$G$2:$G$164,$A11,Data!$B$2:$B$164,D$4,Data!$I$2:$I$164,"Approved")/1000 -> 0 | E11: =SUMIFS(Data!$E$2:$E$164,Data!$G$2:$G$164,$A11,Data!$B$2:$B$164,E$4,Data!$I$2:$I$164,"Approved")/1000 -> 0 | F11: =SUMIFS(Data!$E$2:$E$164,Data!$G$2:$G$164,$A11,Data!$B$2:$B$164,F$4,Data!$I$2:$I$164,"Approved")/1000 -> 0 | G11: =SUMIFS(Data!$E$2:$E$164,Data!$G$2:$G$164,$A11,Data!$B$2:$B$164,G$4,Data!$I$2:$I$164,"Approved")/1000 -> 0 | H11: =SUMIFS(Data!$E$2:$E$164,Data!$G$2:$G$164,$A11,Data!$B$2:$B$164,H$4,Data!$I$2:$I$164,"Approved")/1000 -> 0 | I11: =SUMIFS(Data!$E$2:$E$164,Data!$G$2:$G$164,$A11,Data!$B$2:$B$164,I$4,Data!$I$2:$I$164,"Approved")/1000 -> 0 | ... T11: =SUMIFS(Data!$E$2:$E$164,Data!$G$2:$G$164,$A11,Data!$B$2:$B$164,T$4,Data!$I$2:$I$164,"Approved")/1000 -> 0 | U11: =SUM(B11:T11) -> 0.36
A12: Madhya Pradesh | B12: =SUMIFS(Data!$E$2:$E$164,Data!$G$2:$G$164,$A12,Data!$B$2:$B$164,B$4,Data!$I$2:$I$164,"Approved")/1000 -> 0 | C12: =SUMIFS(Data!$E$2:$E$164,Data!$G$2:$G$164,$A12,Data!$B$2:$B$164,C$4,Data!$I$2:$I$164,"Approved")/1000 -> 0 | D12: =SUMIFS(Data!$E$2:$E$164,Data!$G$2:$G$164,$A12,Data!$B$2:$B$164,D$4,Data!$I$2:$I$164,"Approved")/1000 -> 0 | E12: =SUMIFS(Data!$E$2:$E$164,Data!$G$2:$G$164,$A12,Data!$B$2:$B$164,E$4,Data!$I$2:$I$164,"Approved")/1000 -> 0 | F12: =SUMIFS(Data!$E$2:$E$164,Data!$G$2:$G$164,$A12,Data!$B$2:$B$164,F$4,Data!$I$2:$I$164,"Approved")/1000 -> 0 | G12: =SUMIFS(Data!$E$2:$E$164,Data!$G$2:$G$164,$A12,Data!$B$2:$B$164,G$4,Data!$I$2:$I$164,"Approved")/1000 -> 0 | H12: =SUMIFS(Data!$E$2:$E$164,Data!$G$2:$G$164,$A12,Data!$B$2:$B$164,H$4,Data!$I$2:$I$164,"Approved")/1000 -> 0 | I12: =SUMIFS(Data!$E$2:$E$164,Data!$G$2:$G$164,$A12,Data!$B$2:$B$164,I$4,Data!$I$2:$I$164,"Approved")/1000 -> 0 | ... T12: =SUMIFS(Data!$E$2:$E$164,Data!$G$2:$G$164,$A12,Data!$B$2:$B$164,T$4,Data!$I$2:$I$164,"Approved")/1000 -> 0 | U12: =SUM(B12:T12) -> 0
A13: Tamil Nadu | B13: =SUMIFS(Data!$E$2:$E$164,Data!$G$2:$G$164,$A13,Data!$B$2:$B$164,B$4,Data!$I$2:$I$164,"Approved")/1000 -> 0 | C13: =SUMIFS(Data!$E$2:$E$164,Data!$G$2:$G$164,$A13,Data!$B$2:$B$164,C$4,Data!$I$2:$I$164,"Approved")/1000 -> 0 | D13: =SUMIFS(Data!$E$2:$E$164,Data!$G$2:$G$164,$A13,Data!$B$2:$B$164,D$4,Data!$I$2:$I$164,"Approved")/1000 -> 0 | E13: =SUMIFS(Data!$E$2:$E$164,Data!$G$2:$G$164,$A13,Data!$B$2:$B$164,E$4,Data!$I$2:$I$164,"Approved")/1000 -> 0 | F13: =SUMIFS(Data!$E$2:$E$164,Data!$G$2:$G$164,$A13,Data!$B$2:$B$164,F$4,Data!$I$2:$I$164,"Approved")/1000 -> 0 | G13: =SUMIFS(Data!$E$2:$E$164,Data!$G$2:$G$164,$A13,Data!$B$2:$B$164,G$4,Data!$I$2:$I$164,"Approved")/1000 -> 0 | H13: =SUMIFS(Data!$E$2:$E$164,Data!$G$2:$G$164,$A13,Data!$B$2:$B$164,H$4,Data!$I$2:$I$164,"Approved")/1000 -> 0 | I13: =SUMIFS(Data!$E$2:$E$164,Data!$G$2:$G$164,$A13,Data!$B$2:$B$164,I$4,Data!$I$2:$I$164,"Approved")/1000 -> 0 | ... T13: =SUMIFS(Data!$E$2:$E$164,Data!$G$2:$G$164,$A13,Data!$B$2:$B$164,T$4,Data!$I$2:$I$164,"Approved")/1000 -> 0 | U13: =SUM(B13:T13) -> 0
A14: Karnataka | B14: =SUMIFS(Data!$E$2:$E$164,Data!$G$2:$G$164,$A14,Data!$B$2:$B$164,B$4,Data!$I$2:$I$164,"Approved")/1000 -> 0 | C14: =SUMIFS(Data!$E$2:$E$164,Data!$G$2:$G$164,$A14,Data!$B$2:$B$164,C$4,Data!$I$2:$I$164,"Approved")/1000 -> 0 | D14: =SUMIFS(Data!$E$2:$E$164,Data!$G$2:$G$164,$A14,Data!$B$2:$B$164,D$4,Data!$I$2:$I$164,"Approved")/1000 -> 0 | E14: =SUMIFS(Data!$E$2:$E$164,Data!$G$2:$G$164,$A14,Data!$B$2:$B$164,E$4,Data!$I$2:$I$164,"Approved")/1000 -> 0 | F14: =SUMIFS(Data!$E$2:$E$164,Data!$G$2:$G$164,$A14,Data!$B$2:$B$164,F$4,Data!$I$2:$I$164,"Approved")/1000 -> 0 | G14: =SUMIFS(Data!$E$2:$E$164,Data!$G$2:$G$164,$A14,Data!$B$2:$B$164,G$4,Data!$I$2:$I$164,"Approved")/1000 -> 0 | H14: =SUMIFS(Data!$E$2:$E$164,Data!$G$2:$G$164,$A14,Data!$B$2:$B$164,H$4,Data!$I$2:$I$164,"Approved")/1000 -> 0 | I14: =SUMIFS(Data!$E$2:$E$164,Data!$G$2:$G$164,$A14,Data!$B$2:$B$164,I$4,Data!$I$2:$I$164,"Approved")/1000 -> 0 | ... T14: =SUMIFS(Data!$E$2:$E$164,Data!$G$2:$G$164,$A14,Data!$B$2:$B$164,T$4,Data!$I$2:$I$164,"Approved")/1000 -> 0 | U14: =SUM(B14:T14) -> 0
A15: Dadra & Nagar Haveli (UT) | B15: =SUMIFS(Data!$E$2:$E$164,Data!$G$2:$G$164,$A15,Data!$B$2:$B$164,B$4,Data!$I$2:$I$164,"Approved")/1000 -> 0 | C15: =SUMIFS(Data!$E$2:$E$164,Data!$G$2:$G$164,$A15,Data!$B$2:$B$164,C$4,Data!$I$2:$I$164,"Approved")/1000 -> 0 | D15: =SUMIFS(Data!$E$2:$E$164,Data!$G$2:$G$164,$A15,Data!$B$2:$B$164,D$4,Data!$I$2:$I$164,"Approved")/1000 -> 0 | E15: =SUMIFS(Data!$E$2:$E$164,Data!$G$2:$G$164,$A15,Data!$B$2:$B$164,E$4,Data!$I$2:$I$164,"Approved")/1000 -> 0 | F15: =SUMIFS(Data!$E$2:$E$164,Data!$G$2:$G$164,$A15,Data!$B$2:$B$164,F$4,Data!$I$2:$I$164,"Approved")/1000 -> 0 | G15: =SUMIFS(Data!$E$2:$E$164,Data!$G$2:$G$164,$A15,Data!$B$2:$B$164,G$4,Data!$I$2:$I$164,"Approved")/1000 -> 0 | H15: =SUMIFS(Data!$E$2:$E$164,Data!$G$2:$G$164,$A15,Data!$B$2:$B$164,H$4,Data!$I$2:$I$164,"Approved")/1000 -> 0 | I15: =SUMIFS(Data!$E$2:$E$164,Data!$G$2:$G$164,$A15,Data!$B$2:$B$164,I$4,Data!$I$2:$I$164,"Approved")/1000 -> 0 | ... T15: =SUMIFS(Data!$E$2:$E$164,Data!$G$2:$G$164,$A15,Data!$B$2:$B$164,T$4,Data!$I$2:$I$164,"Approved")/1000 -> 0 | U15: =SUM(B15:T15) -> 0
A16: Haryana | B16: =SUMIFS(Data!$E$2:$E$164,Data!$G$2:$G$164,$A16,Data!$B$2:$B$164,B$4,Data!$I$2:$I$164,"Approved")/1000 -> 0 | C16: =SUMIFS(Data!$E$2:$E$164,Data!$G$2:$G$164,$A16,Data!$B$2:$B$164,C$4,Data!$I$2:$I$164,"Approved")/1000 -> 0 | D16: =SUMIFS(Data!$E$2:$E$164,Data!$G$2:$G$164,$A16,Data!$B$2:$B$164,D$4,Data!$I$2:$I$164,"Approved")/1000 -> 0 | E16: =SUMIFS(Data!$E$2:$E$164,Data!$G$2:$G$164,$A16,Data!$B$2:$B$164,E$4,Data!$I$2:$I$164,"Approved")/1000 -> 0 | F16: =SUMIFS(Data!$E$2:$E$164,Data!$G$2:$G$164,$A16,Data!$B$2:$B$164,F$4,Data!$I$2:$I$164,"Approved")/1000 -> 0 | G16: =SUMIFS(Data!$E$2:$E$164,Data!$G$2:$G$164,$A16,Data!$B$2:$B$164,G$4,Data!$I$2:$I$164,"Approved")/1000 -> 0 | H16: =SUMIFS(Data!$E$2:$E$164,Data!$G$2:$G$164,$A16,Data!$B$2:$B$164,H$4,Data!$I$2:$I$164,"Approved")/1000 -> 0 | I16: =SUMIFS(Data!$E$2:$E$164,Data!$G$2:$G$164,$A16,Data!$B$2:$B$164,I$4,Data!$I$2:$I$164,"Approved")/1000 -> 0 | ... T16: =SUMIFS(Data!$E$2:$E$164,Data!$G$2:$G$164,$A16,Data!$B$2:$B$164,T$4,Data!$I$2:$I$164,"Approved")/1000 -> 0 | U16: =SUM(B16:T16) -> 0
A17: Uttar Pradesh | B17: =SUMIFS(Data!$E$2:$E$164,Data!$G$2:$G$164,$A17,Data!$B$2:$B$164,B$4,Data!$I$2:$I$164,"Approved")/1000 -> 0 | C17: =SUMIFS(Data!$E$2:$E$164,Data!$G$2:$G$164,$A17,Data!$B$2:$B$164,C$4,Data!$I$2:$I$164,"Approved")/1000 -> 0 | D17: =SUMIFS(Data!$E$2:$E$164,Data!$G$2:$G$164,$A17,Data!$B$2:$B$164,D$4,Data!$I$2:$I$164,"Approved")/1000 -> 0 | E17: =SUMIFS(Data!$E$2:$E$164,Data!$G$2:$G$164,$A17,Data!$B$2:$B$164,E$4,Data!$I$2:$I$164,"Approved")/1000 -> 0 | F17: =SUMIFS(Data!$E$2:$E$164,Data!$G$2:$G$164,$A17,Data!$B$2:$B$164,F$4,Data!$I$2:$I$164,"Approved")/1000 -> 0 | G17: =SUMIFS(Data!$E$2:$E$164,Data!$G$2:$G$164,$A17,Data!$B$2:$B$164,G$4,Data!$I$2:$I$164,"Approved")/1000 -> 0 | H17: =SUMIFS(Data!$E$2:$E$164,Data!$G$2:$G$164,$A17,Data!$B$2:$B$164,H$4,Data!$I$2:$I$164,"Approved")/1000 -> 0 | I17: =SUMIFS(Data!$E$2:$E$164,Data!$G$2:$G$164,$A17,Data!$B$2:$B$164,I$4,Data!$I$2:$I$164,"Approved")/1000 -> 0 | ... T17: =SUMIFS(Data!$E$2:$E$164,Data!$G$2:$G$164,$A17,Data!$B$2:$B$164,T$4,Data!$I$2:$I$164,"Approved")/1000 -> 0 | U17: =SUM(B17:T17) -> 0.05
A18: Total | B18: =SUM(B5:B17) -> 0 | C18: =SUM(C5:C17) -> 0 | D18: =SUM(D5:D17) -> 2.608 | E18: =SUM(E5:E17) -> 0 | F18: =SUM(F5:F17) -> 0 | G18: =SUM(G5:G17) -> 0.919 | H18: =SUM(H5:H17) -> 0 | I18: =SUM(I5:I17) -> 0 | ... U18: =SUM(U5:U17) -> 4.207
