Workbook

Sheet Daily
A1: Date | B1: BNB Chain | C1: Solana | D1: Robinhood | E1: Ethereum | F1: Base | G1: Provenance | H1: Arbitrum | I1: Ink | J1: Avalanche C-Chain | K1: HyperEVM | L1: Liquid Network | M1: Mantle | N1: Polygon | O1: Stellar | P1: Monad | Q1: Plume | R1: Hedera | S1: Optimism | T1: Total
A2: 45658 | B2: 0 | C2: 0 | D2: 0 | E2: 0 | F2: 0 | G2: 0 | H2: 0 | I2: 0 | J2: 0 | K2: 0 | L2: 3000 | M2: 0 | N2: 440 | O2: 258 | P2: 0 | Q2: 0 | R2: 0 | S2: 0 | T2: =SUM(B2:S2) -> 3698
A3: 45659 | B3: 0 | C3: 0 | D3: 0 | E3: 0 | F3: 0 | G3: 0 | H3: 0 | I3: 0 | J3: 0 | K3: 0 | L3: 0 | M3: 0 | N3: 973 | O3: 1077 | P3: 0 | Q3: 0 | R3: 0 | S3: 0 | T3: =SUM(B3:S3) -> 2050
A4: 45660 | B4: 0 | C4: 0 | D4: 0 | E4: 79677 | F4: 0 | G4: 0 | H4: 1249 | I4: 0 | J4: 0 | K4: 0 | L4: 3397 | M4: 0 | N4: 0 | O4: 158 | P4: 0 | Q4: 0 | R4: 0 | S4: 0 | T4: =SUM(B4:S4) -> 84481
A5: 45661 | B5: 0 | C5: 0 | D5: 0 | E5: 0 | F5: 0 | G5: 0 | H5: 0 | I5: 0 | J5: 0 | K5: 0 | L5: 3397 | M5: 0 | N5: 0 | O5: 0 | P5: 0 | Q5: 0 | R5: 0 | S5: 0 | T5: =SUM(B5:S5) -> 3397
A6: 45662 | B6: 0 | C6: 0 | D6: 0 | E6: 0 | F6: 0 | G6: 0 | H6: 0 | I6: 0 | J6: 0 | K6: 0 | L6: 66113 | M6: 0 | N6: 0 | O6: 99 | P6: 0 | Q6: 0 | R6: 0 | S6: 0 | T6: =SUM(B6:S6) -> 66212
A7: 45663 | B7: 0 | C7: 0 | D7: 0 | E7: 0 | F7: 0 | G7: 0 | H7: 2113 | I7: 0 | J7: 0 | K7: 0 | L7: 3414 | M7: 0 | N7: 30539 | O7: 2399 | P7: 0 | Q7: 0 | R7: 0 | S7: 0 | T7: =SUM(B7:S7) -> 38465
A8: 45664 | B8: 0 | C8: 0 | D8: 0 | E8: 0 | F8: 0 | G8: 0 | H8: 2613 | I8: 0 | J8: 0 | K8: 0 | L8: 10283 | M8: 0 | N8: 6418 | O8: 476 | P8: 0 | Q8: 0 | R8: 0 | S8: 0 | T8: =SUM(B8:S8) -> 19790
A9: 45665 | B9: 0 | C9: 0 | D9: 0 | E9: 0 | F9: 0 | G9: 0 | H9: 705 | I9: 0 | J9: 0 | K9: 0 | L9: 0 | M9: 0 | N9: 7360 | O9: 100 | P9: 0 | Q9: 0 | R9: 0 | S9: 0 | T9: =SUM(B9:S9) -> 8165
A10: 45666 | B10: 0 | C10: 0 | D10: 0 | E10: 0 | F10: 0 | G10: 0 | H10: 0 | I10: 0 | J10: 0 | K10: 0 | L10: 33119 | M10: 0 | N10: 8727 | O10: 25 | P10: 0 | Q10: 0 | R10: 0 | S10: 0 | T10: =SUM(B10:S10) -> 41871
A11: 45667 | B11: 0 | C11: 0 | D11: 0 | E11: 66011 | F11: 0 | G11: 0 | H11: 0 | I11: 0 | J11: 0 | K11: 0 | L11: 40989 | M11: 0 | N11: 5146 | O11: 275 | P11: 0 | Q11: 0 | R11: 0 | S11: 0 | T11: =SUM(B11:S11) -> 112421
A12: 45668 | B12: 0 | C12: 0 | D12: 0 | E12: 0 | F12: 0 | G12: 0 | H12: 0 | I12: 0 | J12: 0 | K12: 0 | L12: 3 | M12: 0 | N12: 0 | O12: 97 | P12: 0 | Q12: 0 | R12: 0 | S12: 0 | T12: =SUM(B12:S12) -> 100
A13: 45669 | B13: 0 | C13: 0 | D13: 0 | E13: 59504 | F13: 0 | G13: 0 | H13: 1 | I13: 0 | J13: 0 | K13: 0 | L13: 0 | M13: 0 | N13: 1 | O13: 28 | P13: 0 | Q13: 0 | R13: 0 | S13: 0 | T13: =SUM(B13:S13) -> 59534
... A618: 46274 | B618: 673131968 | C618: 261529762 | D618: 669775617 | E618: 15453073 | F618: 3680956 | G618: 419781 | H618: 5705803 | I618: 121801 | J618: 1 | K618: 845469 | L618: 0 | M618: 9584 | N618: 0 | O618: 0 | P618: 21258 | Q618: 0 | R618: 0 | S618: 0 | T618: =SUM(B618:S618) -> 1630695073
A620: Source: rwa.xyz Asset Classes > Stocks > Tokenized Stock Metrics > Transfer Volume, Underlying Type = All, Group By = Network, Interval = Daily (USD). Extracted 2026-09-11 via app.rwa.xyz API; data through 2026-09-09. Values rounded to whole dollars. Networks ordered by 2025+ cumulative volume.
A621: Total column = SUM of network columns.

Sheet Monthly
A1: Month | B1: BNB Chain | C1: Solana | D1: Robinhood | E1: Ethereum | F1: Base | G1: Provenance | H1: Arbitrum | I1: Ink | J1: Avalanche C-Chain | K1: HyperEVM | L1: Liquid Network | M1: Mantle | N1: Polygon | O1: Stellar | P1: Monad | Q1: Plume | R1: Hedera | S1: Optimism | T1: Total | U1: MoM Change ($) | V1: MoM Change (%)
A2: 45658 | B2: =SUMIFS(Daily!$B$2:$B$618,Daily!$A$2:$A$618,">="&$A2,Daily!$A$2:$A$618,"<"&EDATE($A2,1)) -> 0 | C2: =SUMIFS(Daily!$C$2:$C$618,Daily!$A$2:$A$618,">="&$A2,Daily!$A$2:$A$618,"<"&EDATE($A2,1)) -> 0 | D2: =SUMIFS(Daily!$D$2:$D$618,Daily!$A$2:$A$618,">="&$A2,Daily!$A$2:$A$618,"<"&EDATE($A2,1)) -> 0 | E2: =SUMIFS(Daily!$E$2:$E$618,Daily!$A$2:$A$618,">="&$A2,Daily!$A$2:$A$618,"<"&EDATE($A2,1)) -> 1861756 | F2: =SUMIFS(Daily!$F$2:$F$618,Daily!$A$2:$A$618,">="&$A2,Daily!$A$2:$A$618,"<"&EDATE($A2,1)) -> 0 | G2: =SUMIFS(Daily!$G$2:$G$618,Daily!$A$2:$A$618,">="&$A2,Daily!$A$2:$A$618,"<"&EDATE($A2,1)) -> 0 | H2: =SUMIFS(Daily!$H$2:$H$618,Daily!$A$2:$A$618,">="&$A2,Daily!$A$2:$A$618,"<"&EDATE($A2,1)) -> 29396 | I2: =SUMIFS(Daily!$I$2:$I$618,Daily!$A$2:$A$618,">="&$A2,Daily!$A$2:$A$618,"<"&EDATE($A2,1)) -> 0 | J2: =SUMIFS(Daily!$J$2:$J$618,Daily!$A$2:$A$618,">="&$A2,Daily!$A$2:$A$618,"<"&EDATE($A2,1)) -> 0 | K2: =SUMIFS(Daily!$K$2:$K$618,Daily!$A$2:$A$618,">="&$A2,Daily!$A$2:$A$618,"<"&EDATE($A2,1)) -> 0 | L2: =SUMIFS(Daily!$L$2:$L$618,Daily!$A$2:$A$618,">="&$A2,Daily!$A$2:$A$618,"<"&EDATE($A2,1)) -> 220925 | M2: =SUMIFS(Daily!$M$2:$M$618,Daily!$A$2:$A$618,">="&$A2,Daily!$A$2:$A$618,"<"&EDATE($A2,1)) -> 0 | N2: =SUMIFS(Daily!$N$2:$N$618,Daily!$A$2:$A$618,">="&$A2,Daily!$A$2:$A$618,"<"&EDATE($A2,1)) -> 207892 | O2: =SUMIFS(Daily!$O$2:$O$618,Daily!$A$2:$A$618,">="&$A2,Daily!$A$2:$A$618,"<"&EDATE($A2,1)) -> 76508 | P2: =SUMIFS(Daily!$P$2:$P$618,Daily!$A$2:$A$618,">="&$A2,Daily!$A$2:$A$618,"<"&EDATE($A2,1)) -> 0 | Q2: =SUMIFS(Daily!$Q$2:$Q$618,Daily!$A$2:$A$618,">="&$A2,Daily!$A$2:$A$618,"<"&EDATE($A2,1)) -> 0 | R2: =SUMIFS(Daily!$R$2:$R$618,Daily!$A$2:$A$618,">="&$A2,Daily!$A$2:$A$618,"<"&EDATE($A2,1)) -> 0 | S2: =SUMIFS(Daily!$S$2:$S$618,Daily!$A$2:$A$618,">="&$A2,Daily!$A$2:$A$618,"<"&EDATE($A2,1)) -> 0 | T2: =SUM(B2:S2) -> 2396477 | U2: - | V2: -
A3: 45689 | B3: =SUMIFS(Daily!$B$2:$B$618,Daily!$A$2:$A$618,">="&$A3,Daily!$A$2:$A$618,"<"&EDATE($A3,1)) -> 0 | C3: =SUMIFS(Daily!$C$2:$C$618,Daily!$A$2:$A$618,">="&$A3,Daily!$A$2:$A$618,"<"&EDATE($A3,1)) -> 0 | D3: =SUMIFS(Daily!$D$2:$D$618,Daily!$A$2:$A$618,">="&$A3,Daily!$A$2:$A$618,"<"&EDATE($A3,1)) -> 0 | E3: =SUMIFS(Daily!$E$2:$E$618,Daily!$A$2:$A$618,">="&$A3,Daily!$A$2:$A$618,"<"&EDATE($A3,1)) -> 266067 | F3: =SUMIFS(Daily!$F$2:$F$618,Daily!$A$2:$A$618,">="&$A3,Daily!$A$2:$A$618,"<"&EDATE($A3,1)) -> 64847 | G3: =SUMIFS(Daily!$G$2:$G$618,Daily!$A$2:$A$618,">="&$A3,Daily!$A$2:$A$618,"<"&EDATE($A3,1)) -> 0 | H3: =SUMIFS(Daily!$H$2:$H$618,Daily!$A$2:$A$618,">="&$A3,Daily!$A$2:$A$618,"<"&EDATE($A3,1)) -> 10105 | I3: =SUMIFS(Daily!$I$2:$I$618,Daily!$A$2:$A$618,">="&$A3,Daily!$A$2:$A$618,"<"&EDATE($A3,1)) -> 0 | J3: =SUMIFS(Daily!$J$2:$J$618,Daily!$A$2:$A$618,">="&$A3,Daily!$A$2:$A$618,"<"&EDATE($A3,1)) -> 299515 | K3: =SUMIFS(Daily!$K$2:$K$618,Daily!$A$2:$A$618,">="&$A3,Daily!$A$2:$A$618,"<"&EDATE($A3,1)) -> 0 | L3: =SUMIFS(Daily!$L$2:$L$618,Daily!$A$2:$A$618,">="&$A3,Daily!$A$2:$A$618,"<"&EDATE($A3,1)) -> 18522 | M3: =SUMIFS(Daily!$M$2:$M$618,Daily!$A$2:$A$618,">="&$A3,Daily!$A$2:$A$618,"<"&EDATE($A3,1)) -> 0 | N3: =SUMIFS(Daily!$N$2:$N$618,Daily!$A$2:$A$618,">="&$A3,Daily!$A$2:$A$618,"<"&EDATE($A3,1)) -> 116595 | O3: =SUMIFS(Daily!$O$2:$O$618,Daily!$A$2:$A$618,">="&$A3,Daily!$A$2:$A$618,"<"&EDATE($A3,1)) -> 121532 | P3: =SUMIFS(Daily!$P$2:$P$618,Daily!$A$2:$A$618,">="&$A3,Daily!$A$2:$A$618,"<"&EDATE($A3,1)) -> 0 | Q3: =SUMIFS(Daily!$Q$2:$Q$618,Daily!$A$2:$A$618,">="&$A3,Daily!$A$2:$A$618,"<"&EDATE($A3,1)) -> 0 | R3: =SUMIFS(Daily!$R$2:$R$618,Daily!$A$2:$A$618,">="&$A3,Daily!$A$2:$A$618,"<"&EDATE($A3,1)) -> 0 | S3: =SUMIFS(Daily!$S$2:$S$618,Daily!$A$2:$A$618,">="&$A3,Daily!$A$2:$A$618,"<"&EDATE($A3,1)) -> 0 | T3: =SUM(B3:S3) -> 897183 | U3: =T3-T2 -> -1499294 | V3: =IF(T2=0,"-",T3/T2-1) -> -0.6256242
A4: 45717 | B4: =SUMIFS(Daily!$B$2:$B$618,Daily!$A$2:$A$618,">="&$A4,Daily!$A$2:$A$618,"<"&EDATE($A4,1)) -> 0 | C4: =SUMIFS(Daily!$C$2:$C$618,Daily!$A$2:$A$618,">="&$A4,Daily!$A$2:$A$618,"<"&EDATE($A4,1)) -> 0 | D4: =SUMIFS(Daily!$D$2:$D$618,Daily!$A$2:$A$618,">="&$A4,Daily!$A$2:$A$618,"<"&EDATE($A4,1)) -> 0 | E4: =SUMIFS(Daily!$E$2:$E$618,Daily!$A$2:$A$618,">="&$A4,Daily!$A$2:$A$618,"<"&EDATE($A4,1)) -> 61294 | F4: =SUMIFS(Daily!$F$2:$F$618,Daily!$A$2:$A$618,">="&$A4,Daily!$A$2:$A$618,"<"&EDATE($A4,1)) -> 3751820 | G4: =SUMIFS(Daily!$G$2:$G$618,Daily!$A$2:$A$618,">="&$A4,Daily!$A$2:$A$618,"<"&EDATE($A4,1)) -> 0 | H4: =SUMIFS(Daily!$H$2:$H$618,Daily!$A$2:$A$618,">="&$A4,Daily!$A$2:$A$618,"<"&EDATE($A4,1)) -> 6411 | I4: =SUMIFS(Daily!$I$2:$I$618,Daily!$A$2:$A$618,">="&$A4,Daily!$A$2:$A$618,"<"&EDATE($A4,1)) -> 0 | J4: =SUMIFS(Daily!$J$2:$J$618,Daily!$A$2:$A$618,">="&$A4,Daily!$A$2:$A$618,"<"&EDATE($A4,1)) -> 7719743 | K4: =SUMIFS(Daily!$K$2:$K$618,Daily!$A$2:$A$618,">="&$A4,Daily!$A$2:$A$618,"<"&EDATE($A4,1)) -> 0 | L4: =SUMIFS(Daily!$L$2:$L$618,Daily!$A$2:$A$618,">="&$A4,Daily!$A$2:$A$618,"<"&EDATE($A4,1)) -> 2393 | M4: =SUMIFS(Daily!$M$2:$M$618,Daily!$A$2:$A$618,">="&$A4,Daily!$A$2:$A$618,"<"&EDATE($A4,1)) -> 0 | N4: =SUMIFS(Daily!$N$2:$N$618,Daily!$A$2:$A$618,">="&$A4,Daily!$A$2:$A$618,"<"&EDATE($A4,1)) -> 1037603 | O4: =SUMIFS(Daily!$O$2:$O$618,Daily!$A$2:$A$618,">="&$A4,Daily!$A$2:$A$618,"<"&EDATE($A4,1)) -> 113602 | P4: =SUMIFS(Daily!$P$2:$P$618,Daily!$A$2:$A$618,">="&$A4,Daily!$A$2:$A$618,"<"&EDATE($A4,1)) -> 0 | Q4: =SUMIFS(Daily!$Q$2:$Q$618,Daily!$A$2:$A$618,">="&$A4,Daily!$A$2:$A$618,"<"&EDATE($A4,1)) -> 0 | R4: =SUMIFS(Daily!$R$2:$R$618,Daily!$A$2:$A$618,">="&$A4,Daily!$A$2:$A$618,"<"&EDATE($A4,1)) -> 0 | S4: =SUMIFS(Daily!$S$2:$S$618,Daily!$A$2:$A$618,">="&$A4,Daily!$A$2:$A$618,"<"&EDATE($A4,1)) -> 370 | T4: =SUM(B4:S4) -> 12693236 | U4: =T4-T3 -> 11796053 | V4: =IF(T3=0,"-",T4/T3-1) -> 13.147878
A5: 45748 | B5: =SUMIFS(Daily!$B$2:$B$618,Daily!$A$2:$A$618,">="&$A5,Daily!$A$2:$A$618,"<"&EDATE($A5,1)) -> 0 | C5: =SUMIFS(Daily!$C$2:$C$618,Daily!$A$2:$A$618,">="&$A5,Daily!$A$2:$A$618,"<"&EDATE($A5,1)) -> 0 | D5: =SUMIFS(Daily!$D$2:$D$618,Daily!$A$2:$A$618,">="&$A5,Daily!$A$2:$A$618,"<"&EDATE($A5,1)) -> 0 | E5: =SUMIFS(Daily!$E$2:$E$618,Daily!$A$2:$A$618,">="&$A5,Daily!$A$2:$A$618,"<"&EDATE($A5,1)) -> 124499 | F5: =SUMIFS(Daily!$F$2:$F$618,Daily!$A$2:$A$618,">="&$A5,Daily!$A$2:$A$618,"<"&EDATE($A5,1)) -> 5421476 | G5: =SUMIFS(Daily!$G$2:$G$618,Daily!$A$2:$A$618,">="&$A5,Daily!$A$2:$A$618,"<"&EDATE($A5,1)) -> 0 | H5: =SUMIFS(Daily!$H$2:$H$618,Daily!$A$2:$A$618,">="&$A5,Daily!$A$2:$A$618,"<"&EDATE($A5,1)) -> 22383 | I5: =SUMIFS(Daily!$I$2:$I$618,Daily!$A$2:$A$618,">="&$A5,Daily!$A$2:$A$618,"<"&EDATE($A5,1)) -> 0 | J5: =SUMIFS(Daily!$J$2:$J$618,Daily!$A$2:$A$618,">="&$A5,Daily!$A$2:$A$618,"<"&EDATE($A5,1)) -> 15373965 | K5: =SUMIFS(Daily!$K$2:$K$618,Daily!$A$2:$A$618,">="&$A5,Daily!$A$2:$A$618,"<"&EDATE($A5,1)) -> 0 | L5: =SUMIFS(Daily!$L$2:$L$618,Daily!$A$2:$A$618,">="&$A5,Daily!$A$2:$A$618,"<"&EDATE($A5,1)) -> 337535 | M5: =SUMIFS(Daily!$M$2:$M$618,Daily!$A$2:$A$618,">="&$A5,Daily!$A$2:$A$618,"<"&EDATE($A5,1)) -> 0 | N5: =SUMIFS(Daily!$N$2:$N$618,Daily!$A$2:$A$618,">="&$A5,Daily!$A$2:$A$618,"<"&EDATE($A5,1)) -> 74393 | O5: =SUMIFS(Daily!$O$2:$O$618,Daily!$A$2:$A$618,">="&$A5,Daily!$A$2:$A$618,"<"&EDATE($A5,1)) -> 58622 | P5: =SUMIFS(Daily!$P$2:$P$618,Daily!$A$2:$A$618,">="&$A5,Daily!$A$2:$A$618,"<"&EDATE($A5,1)) -> 0 | Q5: =SUMIFS(Daily!$Q$2:$Q$618,Daily!$A$2:$A$618,">="&$A5,Daily!$A$2:$A$618,"<"&EDATE($A5,1)) -> 0 | R5: =SUMIFS(Daily!$R$2:$R$618,Daily!$A$2:$A$618,">="&$A5,Daily!$A$2:$A$618,"<"&EDATE($A5,1)) -> 0 | S5: =SUMIFS(Daily!$S$2:$S$618,Daily!$A$2:$A$618,">="&$A5,Daily!$A$2:$A$618,"<"&EDATE($A5,1)) -> 0 | T5: =SUM(B5:S5) -> 21412873 | U5: =T5-T4 -> 8719637 | V5: =IF(T4=0,"-",T5/T4-1) -> 0.68695146
A6: 45778 | B6: =SUMIFS(Daily!$B$2:$B$618,Daily!$A$2:$A$618,">="&$A6,Daily!$A$2:$A$618,"<"&EDATE($A6,1)) -> 0 | C6: =SUMIFS(Daily!$C$2:$C$618,Daily!$A$2:$A$618,">="&$A6,Daily!$A$2:$A$618,"<"&EDATE($A6,1)) -> 0 | D6: =SUMIFS(Daily!$D$2:$D$618,Daily!$A$2:$A$618,">="&$A6,Daily!$A$2:$A$618,"<"&EDATE($A6,1)) -> 0 | E6: =SUMIFS(Daily!$E$2:$E$618,Daily!$A$2:$A$618,">="&$A6,Daily!$A$2:$A$618,"<"&EDATE($A6,1)) -> 126073 | F6: =SUMIFS(Daily!$F$2:$F$618,Daily!$A$2:$A$618,">="&$A6,Daily!$A$2:$A$618,"<"&EDATE($A6,1)) -> 1614251 | G6: =SUMIFS(Daily!$G$2:$G$618,Daily!$A$2:$A$618,">="&$A6,Daily!$A$2:$A$618,"<"&EDATE($A6,1)) -> 0 | H6: =SUMIFS(Daily!$H$2:$H$618,Daily!$A$2:$A$618,">="&$A6,Daily!$A$2:$A$618,"<"&EDATE($A6,1)) -> 152782 | I6: =SUMIFS(Daily!$I$2:$I$618,Daily!$A$2:$A$618,">="&$A6,Daily!$A$2:$A$618,"<"&EDATE($A6,1)) -> 0 | J6: =SUMIFS(Daily!$J$2:$J$618,Daily!$A$2:$A$618,">="&$A6,Daily!$A$2:$A$618,"<"&EDATE($A6,1)) -> 12069785 | K6: =SUMIFS(Daily!$K$2:$K$618,Daily!$A$2:$A$618,">="&$A6,Daily!$A$2:$A$618,"<"&EDATE($A6,1)) -> 0 | L6: =SUMIFS(Daily!$L$2:$L$618,Daily!$A$2:$A$618,">="&$A6,Daily!$A$2:$A$618,"<"&EDATE($A6,1)) -> 15860939 | M6: =SUMIFS(Daily!$M$2:$M$618,Daily!$A$2:$A$618,">="&$A6,Daily!$A$2:$A$618,"<"&EDATE($A6,1)) -> 0 | N6: =SUMIFS(Daily!$N$2:$N$618,Daily!$A$2:$A$618,">="&$A6,Daily!$A$2:$A$618,"<"&EDATE($A6,1)) -> 135601 | O6: =SUMIFS(Daily!$O$2:$O$618,Daily!$A$2:$A$618,">="&$A6,Daily!$A$2:$A$618,"<"&EDATE($A6,1)) -> 0 | P6: =SUMIFS(Daily!$P$2:$P$618,Daily!$A$2:$A$618,">="&$A6,Daily!$A$2:$A$618,"<"&EDATE($A6,1)) -> 0 | Q6: =SUMIFS(Daily!$Q$2:$Q$618,Daily!$A$2:$A$618,">="&$A6,Daily!$A$2:$A$618,"<"&EDATE($A6,1)) -> 10089 | R6: =SUMIFS(Daily!$R$2:$R$618,Daily!$A$2:$A$618,">="&$A6,Daily!$A$2:$A$618,"<"&EDATE($A6,1)) -> 0 | S6: =SUMIFS(Daily!$S$2:$S$618,Daily!$A$2:$A$618,">="&$A6,Daily!$A$2:$A$618,"<"&EDATE($A6,1)) -> 0 | T6: =SUM(B6:S6) -> 29969520 | U6: =T6-T5 -> 8556647 | V6: =IF(T5=0,"-",T6/T5-1) -> 0.39960294
A7: 45809 | B7: =SUMIFS(Daily!$B$2:$B$618,Daily!$A$2:$A$618,">="&$A7,Daily!$A$2:$A$618,"<"&EDATE($A7,1)) -> 0 | C7: =SUMIFS(Daily!$C$2:$C$618,Daily!$A$2:$A$618,">="&$A7,Daily!$A$2:$A$618,"<"&EDATE($A7,1)) -> 25603222 | D7: =SUMIFS(Daily!$D$2:$D$618,Daily!$A$2:$A$618,">="&$A7,Daily!$A$2:$A$618,"<"&EDATE($A7,1)) -> 0 | E7: =SUMIFS(Daily!$E$2:$E$618,Daily!$A$2:$A$618,">="&$A7,Daily!$A$2:$A$618,"<"&EDATE($A7,1)) -> 13120 | F7: =SUMIFS(Daily!$F$2:$F$618,Daily!$A$2:$A$618,">="&$A7,Daily!$A$2:$A$618,"<"&EDATE($A7,1)) -> 1037343 | G7: =SUMIFS(Daily!$G$2:$G$618,Daily!$A$2:$A$618,">="&$A7,Daily!$A$2:$A$618,"<"&EDATE($A7,1)) -> 0 | H7: =SUMIFS(Daily!$H$2:$H$618,Daily!$A$2:$A$618,">="&$A7,Daily!$A$2:$A$618,"<"&EDATE($A7,1)) -> 1011764 | I7: =SUMIFS(Daily!$I$2:$I$618,Daily!$A$2:$A$618,">="&$A7,Daily!$A$2:$A$618,"<"&EDATE($A7,1)) -> 0 | J7: =SUMIFS(Daily!$J$2:$J$618,Daily!$A$2:$A$618,">="&$A7,Daily!$A$2:$A$618,"<"&EDATE($A7,1)) -> 12462462 | K7: =SUMIFS(Daily!$K$2:$K$618,Daily!$A$2:$A$618,">="&$A7,Daily!$A$2:$A$618,"<"&EDATE($A7,1)) -> 0 | L7: =SUMIFS(Daily!$L$2:$L$618,Daily!$A$2:$A$618,">="&$A7,Daily!$A$2:$A$618,"<"&EDATE($A7,1)) -> 141697 | M7: =SUMIFS(Daily!$M$2:$M$618,Daily!$A$2:$A$618,">="&$A7,Daily!$A$2:$A$618,"<"&EDATE($A7,1)) -> 0 | N7: =SUMIFS(Daily!$N$2:$N$618,Daily!$A$2:$A$618,">="&$A7,Daily!$A$2:$A$618,"<"&EDATE($A7,1)) -> 714057 | O7: =SUMIFS(Daily!$O$2:$O$618,Daily!$A$2:$A$618,">="&$A7,Daily!$A$2:$A$618,"<"&EDATE($A7,1)) -> 0 | P7: =SUMIFS(Daily!$P$2:$P$618,Daily!$A$2:$A$618,">="&$A7,Daily!$A$2:$A$618,"<"&EDATE($A7,1)) -> 0 | Q7: =SUMIFS(Daily!$Q$2:$Q$618,Daily!$A$2:$A$618,">="&$A7,Daily!$A$2:$A$618,"<"&EDATE($A7,1)) -> 2237 | R7: =SUMIFS(Daily!$R$2:$R$618,Daily!$A$2:$A$618,">="&$A7,Daily!$A$2:$A$618,"<"&EDATE($A7,1)) -> 0 | S7: =SUMIFS(Daily!$S$2:$S$618,Daily!$A$2:$A$618,">="&$A7,Daily!$A$2:$A$618,"<"&EDATE($A7,1)) -> 0 | T7: =SUM(B7:S7) -> 40985902 | U7: =T7-T6 -> 11016382 | V7: =IF(T6=0,"-",T7/T6-1) -> 0.3675862
A8: 45839 | B8: =SUMIFS(Daily!$B$2:$B$618,Daily!$A$2:$A$618,">="&$A8,Daily!$A$2:$A$618,"<"&EDATE($A8,1)) -> 0 | C8: =SUMIFS(Daily!$C$2:$C$618,Daily!$A$2:$A$618,">="&$A8,Daily!$A$2:$A$618,"<"&EDATE($A8,1)) -> 350392859 | D8: =SUMIFS(Daily!$D$2:$D$618,Daily!$A$2:$A$618,">="&$A8,Daily!$A$2:$A$618,"<"&EDATE($A8,1)) -> 0 | E8: =SUMIFS(Daily!$E$2:$E$618,Daily!$A$2:$A$618,">="&$A8,Daily!$A$2:$A$618,"<"&EDATE($A8,1)) -> 241809 | F8: =SUMIFS(Daily!$F$2:$F$618,Daily!$A$2:$A$618,">="&$A8,Daily!$A$2:$A$618,"<"&EDATE($A8,1)) -> 368750 | G8: =SUMIFS(Daily!$G$2:$G$618,Daily!$A$2:$A$618,">="&$A8,Daily!$A$2:$A$618,"<"&EDATE($A8,1)) -> 0 | H8: =SUMIFS(Daily!$H$2:$H$618,Daily!$A$2:$A$618,">="&$A8,Daily!$A$2:$A$618,"<"&EDATE($A8,1)) -> 427174 | I8: =SUMIFS(Daily!$I$2:$I$618,Daily!$A$2:$A$618,">="&$A8,Daily!$A$2:$A$618,"<"&EDATE($A8,1)) -> 0 | J8: =SUMIFS(Daily!$J$2:$J$618,Daily!$A$2:$A$618,">="&$A8,Daily!$A$2:$A$618,"<"&EDATE($A8,1)) -> 6393841 | K8: =SUMIFS(Daily!$K$2:$K$618,Daily!$A$2:$A$618,">="&$A8,Daily!$A$2:$A$618,"<"&EDATE($A8,1)) -> 0 | L8: =SUMIFS(Daily!$L$2:$L$618,Daily!$A$2:$A$618,">="&$A8,Daily!$A$2:$A$618,"<"&EDATE($A8,1)) -> 639701 | M8: =SUMIFS(Daily!$M$2:$M$618,Daily!$A$2:$A$618,">="&$A8,Daily!$A$2:$A$618,"<"&EDATE($A8,1)) -> 0 | N8: =SUMIFS(Daily!$N$2:$N$618,Daily!$A$2:$A$618,">="&$A8,Daily!$A$2:$A$618,"<"&EDATE($A8,1)) -> 476982 | O8: =SUMIFS(Daily!$O$2:$O$618,Daily!$A$2:$A$618,">="&$A8,Daily!$A$2:$A$618,"<"&EDATE($A8,1)) -> 0 | P8: =SUMIFS(Daily!$P$2:$P$618,Daily!$A$2:$A$618,">="&$A8,Daily!$A$2:$A$618,"<"&EDATE($A8,1)) -> 0 | Q8: =SUMIFS(Daily!$Q$2:$Q$618,Daily!$A$2:$A$618,">="&$A8,Daily!$A$2:$A$618,"<"&EDATE($A8,1)) -> 8730 | R8: =SUMIFS(Daily!$R$2:$R$618,Daily!$A$2:$A$618,">="&$A8,Daily!$A$2:$A$618,"<"&EDATE($A8,1)) -> 0 | S8: =SUMIFS(Daily!$S$2:$S$618,Daily!$A$2:$A$618,">="&$A8,Daily!$A$2:$A$618,"<"&EDATE($A8,1)) -> 0 | T8: =SUM(B8:S8) -> 358949846 | U8: =T8-T7 -> 317963944 | V8: =IF(T7=0,"-",T8/T7-1) -> 7.7578857
A9: 45870 | B9: =SUMIFS(Daily!$B$2:$B$618,Daily!$A$2:$A$618,">="&$A9,Daily!$A$2:$A$618,"<"&EDATE($A9,1)) -> 476 | C9: =SUMIFS(Daily!$C$2:$C$618,Daily!$A$2:$A$618,">="&$A9,Daily!$A$2:$A$618,"<"&EDATE($A9,1)) -> 247240287 | D9: =SUMIFS(Daily!$D$2:$D$618,Daily!$A$2:$A$618,">="&$A9,Daily!$A$2:$A$618,"<"&EDATE($A9,1)) -> 0 | E9: =SUMIFS(Daily!$E$2:$E$618,Daily!$A$2:$A$618,">="&$A9,Daily!$A$2:$A$618,"<"&EDATE($A9,1)) -> 5279209 | F9: =SUMIFS(Daily!$F$2:$F$618,Daily!$A$2:$A$618,">="&$A9,Daily!$A$2:$A$618,"<"&EDATE($A9,1)) -> 523956 | G9: =SUMIFS(Daily!$G$2:$G$618,Daily!$A$2:$A$618,">="&$A9,Daily!$A$2:$A$618,"<"&EDATE($A9,1)) -> 0 | H9: =SUMIFS(Daily!$H$2:$H$618,Daily!$A$2:$A$618,">="&$A9,Daily!$A$2:$A$618,"<"&EDATE($A9,1)) -> 63641 | I9: =SUMIFS(Daily!$I$2:$I$618,Daily!$A$2:$A$618,">="&$A9,Daily!$A$2:$A$618,"<"&EDATE($A9,1)) -> 0 | J9: =SUMIFS(Daily!$J$2:$J$618,Daily!$A$2:$A$618,">="&$A9,Daily!$A$2:$A$618,"<"&EDATE($A9,1)) -> 1951174 | K9: =SUMIFS(Daily!$K$2:$K$618,Daily!$A$2:$A$618,">="&$A9,Daily!$A$2:$A$618,"<"&EDATE($A9,1)) -> 1142 | L9: =SUMIFS(Daily!$L$2:$L$618,Daily!$A$2:$A$618,">="&$A9,Daily!$A$2:$A$618,"<"&EDATE($A9,1)) -> 14744004 | M9: =SUMIFS(Daily!$M$2:$M$618,Daily!$A$2:$A$618,">="&$A9,Daily!$A$2:$A$618,"<"&EDATE($A9,1)) -> 0 | N9: =SUMIFS(Daily!$N$2:$N$618,Daily!$A$2:$A$618,">="&$A9,Daily!$A$2:$A$618,"<"&EDATE($A9,1)) -> 180816 | O9: =SUMIFS(Daily!$O$2:$O$618,Daily!$A$2:$A$618,">="&$A9,Daily!$A$2:$A$618,"<"&EDATE($A9,1)) -> 0 | P9: =SUMIFS(Daily!$P$2:$P$618,Daily!$A$2:$A$618,">="&$A9,Daily!$A$2:$A$618,"<"&EDATE($A9,1)) -> 0 | Q9: =SUMIFS(Daily!$Q$2:$Q$618,Daily!$A$2:$A$618,">="&$A9,Daily!$A$2:$A$618,"<"&EDATE($A9,1)) -> 18101 | R9: =SUMIFS(Daily!$R$2:$R$618,Daily!$A$2:$A$618,">="&$A9,Daily!$A$2:$A$618,"<"&EDATE($A9,1)) -> 790 | S9: =SUMIFS(Daily!$S$2:$S$618,Daily!$A$2:$A$618,">="&$A9,Daily!$A$2:$A$618,"<"&EDATE($A9,1)) -> 0 | T9: =SUM(B9:S9) -> 270003596 | U9: =T9-T8 -> -88946250 | V9: =IF(T8=0,"-",T9/T8-1) -> -0.24779576
A10: 45901 | B10: =SUMIFS(Daily!$B$2:$B$618,Daily!$A$2:$A$618,">="&$A10,Daily!$A$2:$A$618,"<"&EDATE($A10,1)) -> 234959 | C10: =SUMIFS(Daily!$C$2:$C$618,Daily!$A$2:$A$618,">="&$A10,Daily!$A$2:$A$618,"<"&EDATE($A10,1)) -> 369903368 | D10: =SUMIFS(Daily!$D$2:$D$618,Daily!$A$2:$A$618,">="&$A10,Daily!$A$2:$A$618,"<"&EDATE($A10,1)) -> 0 | E10: =SUMIFS(Daily!$E$2:$E$618,Daily!$A$2:$A$618,">="&$A10,Daily!$A$2:$A$618,"<"&EDATE($A10,1)) -> 135504358 | F10: =SUMIFS(Daily!$F$2:$F$618,Daily!$A$2:$A$618,">="&$A10,Daily!$A$2:$A$618,"<"&EDATE($A10,1)) -> 545677 | G10: =SUMIFS(Daily!$G$2:$G$618,Daily!$A$2:$A$618,">="&$A10,Daily!$A$2:$A$618,"<"&EDATE($A10,1)) -> 0 | H10: =SUMIFS(Daily!$H$2:$H$618,Daily!$A$2:$A$618,">="&$A10,Daily!$A$2:$A$618,"<"&EDATE($A10,1)) -> 2658 | I10: =SUMIFS(Daily!$I$2:$I$618,Daily!$A$2:$A$618,">="&$A10,Daily!$A$2:$A$618,"<"&EDATE($A10,1)) -> 0 | J10: =SUMIFS(Daily!$J$2:$J$618,Daily!$A$2:$A$618,">="&$A10,Daily!$A$2:$A$618,"<"&EDATE($A10,1)) -> 1427488 | K10: =SUMIFS(Daily!$K$2:$K$618,Daily!$A$2:$A$618,">="&$A10,Daily!$A$2:$A$618,"<"&EDATE($A10,1)) -> 2 | L10: =SUMIFS(Daily!$L$2:$L$618,Daily!$A$2:$A$618,">="&$A10,Daily!$A$2:$A$618,"<"&EDATE($A10,1)) -> 8739 | M10: =SUMIFS(Daily!$M$2:$M$618,Daily!$A$2:$A$618,">="&$A10,Daily!$A$2:$A$618,"<"&EDATE($A10,1)) -> 0 | N10: =SUMIFS(Daily!$N$2:$N$618,Daily!$A$2:$A$618,">="&$A10,Daily!$A$2:$A$618,"<"&EDATE($A10,1)) -> 693404 | O10: =SUMIFS(Daily!$O$2:$O$618,Daily!$A$2:$A$618,">="&$A10,Daily!$A$2:$A$618,"<"&EDATE($A10,1)) -> 0 | P10: =SUMIFS(Daily!$P$2:$P$618,Daily!$A$2:$A$618,">="&$A10,Daily!$A$2:$A$618,"<"&EDATE($A10,1)) -> 0 | Q10: =SUMIFS(Daily!$Q$2:$Q$618,Daily!$A$2:$A$618,">="&$A10,Daily!$A$2:$A$618,"<"&EDATE($A10,1)) -> 4041 | R10: =SUMIFS(Daily!$R$2:$R$618,Daily!$A$2:$A$618,">="&$A10,Daily!$A$2:$A$618,"<"&EDATE($A10,1)) -> 333 | S10: =SUMIFS(Daily!$S$2:$S$618,Daily!$A$2:$A$618,">="&$A10,Daily!$A$2:$A$618,"<"&EDATE($A10,1)) -> 0 | T10: =SUM(B10:S10) -> 508325027 | U10: =T10-T9 -> 238321431 | V10: =IF(T9=0,"-",T10/T9-1) -> 0.88266021
A11: 45931 | B11: =SUMIFS(Daily!$B$2:$B$618,Daily!$A$2:$A$618,">="&$A11,Daily!$A$2:$A$618,"<"&EDATE($A11,1)) -> 2158351 | C11: =SUMIFS(Daily!$C$2:$C$618,Daily!$A$2:$A$618,">="&$A11,Daily!$A$2:$A$618,"<"&EDATE($A11,1)) -> 685307402 | D11: =SUMIFS(Daily!$D$2:$D$618,Daily!$A$2:$A$618,">="&$A11,Daily!$A$2:$A$618,"<"&EDATE($A11,1)) -> 0 | E11: =SUMIFS(Daily!$E$2:$E$618,Daily!$A$2:$A$618,">="&$A11,Daily!$A$2:$A$618,"<"&EDATE($A11,1)) -> 200121515 | F11: =SUMIFS(Daily!$F$2:$F$618,Daily!$A$2:$A$618,">="&$A11,Daily!$A$2:$A$618,"<"&EDATE($A11,1)) -> 157707 | G11: =SUMIFS(Daily!$G$2:$G$618,Daily!$A$2:$A$618,">="&$A11,Daily!$A$2:$A$618,"<"&EDATE($A11,1)) -> 0 | H11: =SUMIFS(Daily!$H$2:$H$618,Daily!$A$2:$A$618,">="&$A11,Daily!$A$2:$A$618,"<"&EDATE($A11,1)) -> 184824 | I11: =SUMIFS(Daily!$I$2:$I$618,Daily!$A$2:$A$618,">="&$A11,Daily!$A$2:$A$618,"<"&EDATE($A11,1)) -> 0 | J11: =SUMIFS(Daily!$J$2:$J$618,Daily!$A$2:$A$618,">="&$A11,Daily!$A$2:$A$618,"<"&EDATE($A11,1)) -> 1106500 | K11: =SUMIFS(Daily!$K$2:$K$618,Daily!$A$2:$A$618,">="&$A11,Daily!$A$2:$A$618,"<"&EDATE($A11,1)) -> 0 | L11: =SUMIFS(Daily!$L$2:$L$618,Daily!$A$2:$A$618,">="&$A11,Daily!$A$2:$A$618,"<"&EDATE($A11,1)) -> 381089 | M11: =SUMIFS(Daily!$M$2:$M$618,Daily!$A$2:$A$618,">="&$A11,Daily!$A$2:$A$618,"<"&EDATE($A11,1)) -> 0 | N11: =SUMIFS(Daily!$N$2:$N$618,Daily!$A$2:$A$618,">="&$A11,Daily!$A$2:$A$618,"<"&EDATE($A11,1)) -> 86103 | O11: =SUMIFS(Daily!$O$2:$O$618,Daily!$A$2:$A$618,">="&$A11,Daily!$A$2:$A$618,"<"&EDATE($A11,1)) -> 0 | P11: =SUMIFS(Daily!$P$2:$P$618,Daily!$A$2:$A$618,">="&$A11,Daily!$A$2:$A$618,"<"&EDATE($A11,1)) -> 0 | Q11: =SUMIFS(Daily!$Q$2:$Q$618,Daily!$A$2:$A$618,">="&$A11,Daily!$A$2:$A$618,"<"&EDATE($A11,1)) -> 609 | R11: =SUMIFS(Daily!$R$2:$R$618,Daily!$A$2:$A$618,">="&$A11,Daily!$A$2:$A$618,"<"&EDATE($A11,1)) -> 0 | S11: =SUMIFS(Daily!$S$2:$S$618,Daily!$A$2:$A$618,">="&$A11,Daily!$A$2:$A$618,"<"&EDATE($A11,1)) -> 0 | T11: =SUM(B11:S11) -> 889504100 | U11: =T11-T10 -> 381179073 | V11: =IF(T10=0,"-",T11/T10-1) -> 0.74987272
A12: 45962 | B12: =SUMIFS(Daily!$B$2:$B$618,Daily!$A$2:$A$618,">="&$A12,Daily!$A$2:$A$618,"<"&EDATE($A12,1)) -> 14764428 | C12: =SUMIFS(Daily!$C$2:$C$618,Daily!$A$2:$A$618,">="&$A12,Daily!$A$2:$A$618,"<"&EDATE($A12,1)) -> 701805764 | D12: =SUMIFS(Daily!$D$2:$D$618,Daily!$A$2:$A$618,">="&$A12,Daily!$A$2:$A$618,"<"&EDATE($A12,1)) -> 0 | E12: =SUMIFS(Daily!$E$2:$E$618,Daily!$A$2:$A$618,">="&$A12,Daily!$A$2:$A$618,"<"&EDATE($A12,1)) -> 367211961 | F12: =SUMIFS(Daily!$F$2:$F$618,Daily!$A$2:$A$618,">="&$A12,Daily!$A$2:$A$618,"<"&EDATE($A12,1)) -> 10182945 | G12: =SUMIFS(Daily!$G$2:$G$618,Daily!$A$2:$A$618,">="&$A12,Daily!$A$2:$A$618,"<"&EDATE($A12,1)) -> 0 | H12: =SUMIFS(Daily!$H$2:$H$618,Daily!$A$2:$A$618,">="&$A12,Daily!$A$2:$A$618,"<"&EDATE($A12,1)) -> 4928 | I12: =SUMIFS(Daily!$I$2:$I$618,Daily!$A$2:$A$618,">="&$A12,Daily!$A$2:$A$618,"<"&EDATE($A12,1)) -> 0 | J12: =SUMIFS(Daily!$J$2:$J$618,Daily!$A$2:$A$618,">="&$A12,Daily!$A$2:$A$618,"<"&EDATE($A12,1)) -> 448454 | K12: =SUMIFS(Daily!$K$2:$K$618,Daily!$A$2:$A$618,">="&$A12,Daily!$A$2:$A$618,"<"&EDATE($A12,1)) -> 0 | L12: =SUMIFS(Daily!$L$2:$L$618,Daily!$A$2:$A$618,">="&$A12,Daily!$A$2:$A$618,"<"&EDATE($A12,1)) -> 2419300 | M12: =SUMIFS(Daily!$M$2:$M$618,Daily!$A$2:$A$618,">="&$A12,Daily!$A$2:$A$618,"<"&EDATE($A12,1)) -> 0 | N12: =SUMIFS(Daily!$N$2:$N$618,Daily!$A$2:$A$618,">="&$A12,Daily!$A$2:$A$618,"<"&EDATE($A12,1)) -> 236264 | O12: =SUMIFS(Daily!$O$2:$O$618,Daily!$A$2:$A$618,">="&$A12,Daily!$A$2:$A$618,"<"&EDATE($A12,1)) -> 0 | P12: =SUMIFS(Daily!$P$2:$P$618,Daily!$A$2:$A$618,">="&$A12,Daily!$A$2:$A$618,"<"&EDATE($A12,1)) -> 0 | Q12: =SUMIFS(Daily!$Q$2:$Q$618,Daily!$A$2:$A$618,">="&$A12,Daily!$A$2:$A$618,"<"&EDATE($A12,1)) -> 2468 | R12: =SUMIFS(Daily!$R$2:$R$618,Daily!$A$2:$A$618,">="&$A12,Daily!$A$2:$A$618,"<"&EDATE($A12,1)) -> 0 | S12: =SUMIFS(Daily!$S$2:$S$618,Daily!$A$2:$A$618,">="&$A12,Daily!$A$2:$A$618,"<"&EDATE($A12,1)) -> 0 | T12: =SUM(B12:S12) -> 1097076512 | U12: =T12-T11 -> 207572412 | V12: =IF(T11=0,"-",T12/T11-1) -> 0.23335745
A13: 45992 | B13: =SUMIFS(Daily!$B$2:$B$618,Daily!$A$2:$A$618,">="&$A13,Daily!$A$2:$A$618,"<"&EDATE($A13,1)) -> 1977844121 | C13: =SUMIFS(Daily!$C$2:$C$618,Daily!$A$2:$A$618,">="&$A13,Daily!$A$2:$A$618,"<"&EDATE($A13,1)) -> 459058187 | D13: =SUMIFS(Daily!$D$2:$D$618,Daily!$A$2:$A$618,">="&$A13,Daily!$A$2:$A$618,"<"&EDATE($A13,1)) -> 0 | E13: =SUMIFS(Daily!$E$2:$E$618,Daily!$A$2:$A$618,">="&$A13,Daily!$A$2:$A$618,"<"&EDATE($A13,1)) -> 134784121 | F13: =SUMIFS(Daily!$F$2:$F$618,Daily!$A$2:$A$618,">="&$A13,Daily!$A$2:$A$618,"<"&EDATE($A13,1)) -> 38720 | G13: =SUMIFS(Daily!$G$2:$G$618,Daily!$A$2:$A$618,">="&$A13,Daily!$A$2:$A$618,"<"&EDATE($A13,1)) -> 0 | H13: =SUMIFS(Daily!$H$2:$H$618,Daily!$A$2:$A$618,">="&$A13,Daily!$A$2:$A$618,"<"&EDATE($A13,1)) -> 1814 | I13: =SUMIFS(Daily!$I$2:$I$618,Daily!$A$2:$A$618,">="&$A13,Daily!$A$2:$A$618,"<"&EDATE($A13,1)) -> 0 | J13: =SUMIFS(Daily!$J$2:$J$618,Daily!$A$2:$A$618,">="&$A13,Daily!$A$2:$A$618,"<"&EDATE($A13,1)) -> 5180 | K13: =SUMIFS(Daily!$K$2:$K$618,Daily!$A$2:$A$618,">="&$A13,Daily!$A$2:$A$618,"<"&EDATE($A13,1)) -> 0 | L13: =SUMIFS(Daily!$L$2:$L$618,Daily!$A$2:$A$618,">="&$A13,Daily!$A$2:$A$618,"<"&EDATE($A13,1)) -> 0 | M13: =SUMIFS(Daily!$M$2:$M$618,Daily!$A$2:$A$618,">="&$A13,Daily!$A$2:$A$618,"<"&EDATE($A13,1)) -> 106 | N13: =SUMIFS(Daily!$N$2:$N$618,Daily!$A$2:$A$618,">="&$A13,Daily!$A$2:$A$618,"<"&EDATE($A13,1)) -> 50729 | O13: =SUMIFS(Daily!$O$2:$O$618,Daily!$A$2:$A$618,">="&$A13,Daily!$A$2:$A$618,"<"&EDATE($A13,1)) -> 0 | P13: =SUMIFS(Daily!$P$2:$P$618,Daily!$A$2:$A$618,">="&$A13,Daily!$A$2:$A$618,"<"&EDATE($A13,1)) -> 0 | Q13: =SUMIFS(Daily!$Q$2:$Q$618,Daily!$A$2:$A$618,">="&$A13,Daily!$A$2:$A$618,"<"&EDATE($A13,1)) -> 58 | R13: =SUMIFS(Daily!$R$2:$R$618,Daily!$A$2:$A$618,">="&$A13,Daily!$A$2:$A$618,"<"&EDATE($A13,1)) -> 7 | S13: =SUMIFS(Daily!$S$2:$S$618,Daily!$A$2:$A$618,">="&$A13,Daily!$A$2:$A$618,"<"&EDATE($A13,1)) -> 0 | T13: =SUM(B13:S13) -> 2571783043 | U13: =T13-T12 -> 1474706531 | V13: =IF(T12=0,"-",T13/T12-1) -> 1.3442148
A14: 46023 | B14: =SUMIFS(Daily!$B$2:$B$618,Daily!$A$2:$A$618,">="&$A14,Daily!$A$2:$A$618,"<"&EDATE($A14,1)) -> 887054489 | C14: =SUMIFS(Daily!$C$2:$C$618,Daily!$A$2:$A$618,">="&$A14,Daily!$A$2:$A$618,"<"&EDATE($A14,1)) -> 748295097 | D14: =SUMIFS(Daily!$D$2:$D$618,Daily!$A$2:$A$618,">="&$A14,Daily!$A$2:$A$618,"<"&EDATE($A14,1)) -> 0 | E14: =SUMIFS(Daily!$E$2:$E$618,Daily!$A$2:$A$618,">="&$A14,Daily!$A$2:$A$618,"<"&EDATE($A14,1)) -> 198437838 | F14: =SUMIFS(Daily!$F$2:$F$618,Daily!$A$2:$A$618,">="&$A14,Daily!$A$2:$A$618,"<"&EDATE($A14,1)) -> 28476 | G14: =SUMIFS(Daily!$G$2:$G$618,Daily!$A$2:$A$618,">="&$A14,Daily!$A$2:$A$618,"<"&EDATE($A14,1)) -> 0 | H14: =SUMIFS(Daily!$H$2:$H$618,Daily!$A$2:$A$618,">="&$A14,Daily!$A$2:$A$618,"<"&EDATE($A14,1)) -> 45583 | I14: =SUMIFS(Daily!$I$2:$I$618,Daily!$A$2:$A$618,">="&$A14,Daily!$A$2:$A$618,"<"&EDATE($A14,1)) -> 0 | J14: =SUMIFS(Daily!$J$2:$J$618,Daily!$A$2:$A$618,">="&$A14,Daily!$A$2:$A$618,"<"&EDATE($A14,1)) -> 55438 | K14: =SUMIFS(Daily!$K$2:$K$618,Daily!$A$2:$A$618,">="&$A14,Daily!$A$2:$A$618,"<"&EDATE($A14,1)) -> 10 | L14: =SUMIFS(Daily!$L$2:$L$618,Daily!$A$2:$A$618,">="&$A14,Daily!$A$2:$A$618,"<"&EDATE($A14,1)) -> 0 | M14: =SUMIFS(Daily!$M$2:$M$618,Daily!$A$2:$A$618,">="&$A14,Daily!$A$2:$A$618,"<"&EDATE($A14,1)) -> 100 | N14: =SUMIFS(Daily!$N$2:$N$618,Daily!$A$2:$A$618,">="&$A14,Daily!$A$2:$A$618,"<"&EDATE($A14,1)) -> 30848 | O14: =SUMIFS(Daily!$O$2:$O$618,Daily!$A$2:$A$618,">="&$A14,Daily!$A$2:$A$618,"<"&EDATE($A14,1)) -> 0 | P14: =SUMIFS(Daily!$P$2:$P$618,Daily!$A$2:$A$618,">="&$A14,Daily!$A$2:$A$618,"<"&EDATE($A14,1)) -> 0 | Q14: =SUMIFS(Daily!$Q$2:$Q$618,Daily!$A$2:$A$618,">="&$A14,Daily!$A$2:$A$618,"<"&EDATE($A14,1)) -> 291 | R14: =SUMIFS(Daily!$R$2:$R$618,Daily!$A$2:$A$618,">="&$A14,Daily!$A$2:$A$618,"<"&EDATE($A14,1)) -> 824 | S14: =SUMIFS(Daily!$S$2:$S$618,Daily!$A$2:$A$618,">="&$A14,Daily!$A$2:$A$618,"<"&EDATE($A14,1)) -> 0 | T14: =SUM(B14:S14) -> 1833948994 | U14: =T14-T13 -> -737834049 | V14: =IF(T13=0,"-",T14/T13-1) -> -0.28689591
... A22: 46266 | B22: =SUMIFS(Daily!$B$2:$B$618,Daily!$A$2:$A$618,">="&$A22,Daily!$A$2:$A$618,"<"&EDATE($A22,1)) -> 4571125234 | C22: =SUMIFS(Daily!$C$2:$C$618,Daily!$A$2:$A$618,">="&$A22,Daily!$A$2:$A$618,"<"&EDATE($A22,1)) -> 1214704218 | D22: =SUMIFS(Daily!$D$2:$D$618,Daily!$A$2:$A$618,">="&$A22,Daily!$A$2:$A$618,"<"&EDATE($A22,1)) -> 7652690769 | E22: =SUMIFS(Daily!$E$2:$E$618,Daily!$A$2:$A$618,">="&$A22,Daily!$A$2:$A$618,"<"&EDATE($A22,1)) -> 194388518 | F22: =SUMIFS(Daily!$F$2:$F$618,Daily!$A$2:$A$618,">="&$A22,Daily!$A$2:$A$618,"<"&EDATE($A22,1)) -> 65880711 | G22: =SUMIFS(Daily!$G$2:$G$618,Daily!$A$2:$A$618,">="&$A22,Daily!$A$2:$A$618,"<"&EDATE($A22,1)) -> 2244275 | H22: =SUMIFS(Daily!$H$2:$H$618,Daily!$A$2:$A$618,">="&$A22,Daily!$A$2:$A$618,"<"&EDATE($A22,1)) -> 211744736 | I22: =SUMIFS(Daily!$I$2:$I$618,Daily!$A$2:$A$618,">="&$A22,Daily!$A$2:$A$618,"<"&EDATE($A22,1)) -> 39591598 | J22: =SUMIFS(Daily!$J$2:$J$618,Daily!$A$2:$A$618,">="&$A22,Daily!$A$2:$A$618,"<"&EDATE($A22,1)) -> 1 | K22: =SUMIFS(Daily!$K$2:$K$618,Daily!$A$2:$A$618,">="&$A22,Daily!$A$2:$A$618,"<"&EDATE($A22,1)) -> 3035469 | L22: =SUMIFS(Daily!$L$2:$L$618,Daily!$A$2:$A$618,">="&$A22,Daily!$A$2:$A$618,"<"&EDATE($A22,1)) -> 0 | M22: =SUMIFS(Daily!$M$2:$M$618,Daily!$A$2:$A$618,">="&$A22,Daily!$A$2:$A$618,"<"&EDATE($A22,1)) -> 177638 | N22: =SUMIFS(Daily!$N$2:$N$618,Daily!$A$2:$A$618,">="&$A22,Daily!$A$2:$A$618,"<"&EDATE($A22,1)) -> 11684 | O22: =SUMIFS(Daily!$O$2:$O$618,Daily!$A$2:$A$618,">="&$A22,Daily!$A$2:$A$618,"<"&EDATE($A22,1)) -> 0 | P22: =SUMIFS(Daily!$P$2:$P$618,Daily!$A$2:$A$618,">="&$A22,Daily!$A$2:$A$618,"<"&EDATE($A22,1)) -> 69761 | Q22: =SUMIFS(Daily!$Q$2:$Q$618,Daily!$A$2:$A$618,">="&$A22,Daily!$A$2:$A$618,"<"&EDATE($A22,1)) -> 23 | R22: =SUMIFS(Daily!$R$2:$R$618,Daily!$A$2:$A$618,">="&$A22,Daily!$A$2:$A$618,"<"&EDATE($A22,1)) -> 0 | S22: =SUMIFS(Daily!$S$2:$S$618,Daily!$A$2:$A$618,">="&$A22,Daily!$A$2:$A$618,"<"&EDATE($A22,1)) -> 21 | T22: =SUM(B22:S22) -> 13955664656 | U22: =T22-T21 -> -21747234511 | V22: =IF(T21=0,"-",T22/T21-1) -> -0.60911677
A24: Monthly figures = SUMIFS over the Daily sheet by calendar month; MoM change compares each month's Total to the prior month.
A25: 2026-09 is a partial month (data through 2026-09-09) — its MoM change is not like-for-like.
